diaryofagameaddict.com,bad,
espdesign.com.au,bad,
iamagameaddict.com,bad,
kalantzis.net,bad,
slightlyoffcenter.net,bad,
<<<<<<< HEAD
=======
toddscarwash.com,bad,
tubemoviez.com,bad,
ipl.hk,bad,
crackspider.us/toolbar/install.php?pack=exe,bad,
pos-kupang.com/,bad,
rupor.info,bad,
svision-online.de/mgfi/administrator/components/com_babackup/classes/fx29id1.txt,bad,
officeon.ch.ma/office.js?google_ad_format=728x90_as,bad,
sn-gzzx.com,bad,
sunlux.net/company/about.html,bad,
outporn.com,bad,
timothycopus.aimoo.com,bad,
xindalawyer.com,bad,
freeserials.spb.ru/key/68703.htm,bad,
deletespyware-adware.com,bad,
orbowlada.strefa.pl/text396.htm,bad,
ruiyangcn.com,bad,
zkic.com,bad,
adserving.favorit-network.com/eas?camp=19320;cre=mu&grpid=1738&tag_id=618&nums=FGApbjFAAA,bad,
cracks.vg/d1.php,bad,
juicypussyclips.com,bad,
nuptialimages.com,bad,
andysgame.com,bad,
bezproudoff.cz,bad,
ceskarepublika.net,bad,
hotspot.cz,bad,
gmcjjh.org/DHL,bad,
nerez-schodiste-zabradli.com,bad,
nordiccountry.cz,bad,
nowina.info,bad,
obada-konstruktiwa.org,bad,
otylkaaotesanek.cz,bad,
pb-webdesign.net,bad,
pension-helene.cz,bad,
podzemi.myotis.info,bad,
smrcek.com,bad,
spekband.com,bad,
m2132.ehgaugysd.net/zyso.cgi?18,bad,
webcom-software.ws/links/?153646e8b0a88,bad,
worldgymperu.com,bad,
zgsysz.com,bad,
oknarai.ru,bad,
realinnovation.com/css/menu.js,bad,
hardcorepornparty.com,bad,
zous.szm.sk,bad,
noveslovo.com,bad,
dimsnetwork.com,bad,
luckyblank.info,bad,
luckyclean.info,bad,
luckyclear.info,bad,
luckyeffect.info,bad,
luckyhalo.info,bad,
luckypure.info,bad,
luckyshine.info,bad,
luckysuccess.info,bad,
luckysure.info,bad,
luckytidy.info,bad,
nudebeachgalleries.net,bad,
buffalogoesout.com,bad,
achren.org,bad,
associatesexports.com,bad,
antalya.ru/links/,bad,
conds.ru,bad,
img001.com/business/qiji.exe,bad,
unalbilgisayar.com,bad,
soundcomputers.net,bad,
t-sb.net,bad,
hanulsms.com,bad,
semengineers.com,bad,
srslogisticts.com,bad,
tendersource.com,bad,
traff1.com/in.cgi?5,bad,
web-olymp.ru,bad,
oprahsearch.com/scripts/net19.exe,bad,
oprahsearch.com/scripts/brez251.exe,bad,
rl8vd.kikul.com/ci7ka5t2ue,bad,
sbnc.hak.su/spread.txt,bad,
somnoy.com,bad,
incoctel.cl/8RHFBgK4.php?html=27,bad,
incoctel.cl/8RHFBgK4.php?id=23694557,bad,
westlifego.com/js/jquery-1.3.2.min.js,bad,
westlifego.com,bad,
nadegda-95.ru,bad,
romsigmed.ro,bad,
spatsz.com,bad,
svetyivanrilski.com,bad,
titon.info,bad,
tophostbg.net,bad,
vivaweb.org,bad,
vocational-training.us,bad,
warco.pl,bad,
bde.be,bad,
pwvita.pl,bad,
roks.ua,bad,
skgroup.kiev.ua,bad,
tecnocuer.com,bad,
tk-gregoric.si,bad,
tomalinoalambres.com.ar,bad,
vipdn123.blackapplehost.com,bad,
womenslabour.org,bad,
wroclawski.com.pl,bad,
xoomer.alice.it/email02/bom.jpg,bad,
propan.ru/forum/downloads.php,bad,
firehouse651.com/gallery/images/copyright.txt,bad,
freewebtown.com/atakus/Nokia/BotNetNew.txt,bad,
webcashmaker.com/v2/members/trade_traffic.php,bad,
stormpages.com/script/PHP.txt,bad,
stormpages.com/master/psy.txt,bad,
stormpages.com/master/ping.txt,bad,
stormpages.com/diantara/BOT.txt,bad,
spykit.110mb.com/tools/id.txt,bad,
sentrol.cl/components/kampret.jpg,bad,
kjbbc.net/bbs/data/gallery/1207290228/inbox.txt,bad,
stormpages.com/ariefdream/nidec.txt,bad,
stormpages.com/blewah/bot.txt,bad,
stormpages.com/hasheo/mil.txt,bad,
stormpages.com/hasheo/naoky.txt,bad,
stormpages.com/hasheo/ros.txt,bad,
stormpages.com/master/VoLcoM_04.txt,bad,
stormpages.com/p38r1/aku.txt,bad,
stormpages.com/script/PHP.txt,bad,
stormpages.com/script/ping.txt,bad,
torgi.kz/help/id2.txt,bad,
torgi.kz/help/idxx.txt,bad,
uriyuri.com/bbs/skin/zero_vote/1.txt,bad,
usaenterprise.com/images/images.txt,bad,
wigglewoo.com/portfolio/contests/contest-006.png,bad,
xorgwebs.webs.com/stx.1,bad,
plengeh.wen.ru/id.txt,bad,
wahyufian.zoomshare.com/files/bot.txt,bad,
hospedar.xpg.com.br/nome.txt,bad,
dl.heima8.com/pv/dl.htm?adid=20132&sid=0211,bad,
update.51edm.net/20090728/01.dll,bad,
update.51edm.net/20090728/01.kdg,bad,
xiruz.kit.net/mola.jpg,bad,
wfoto.front.ru/fotos.com,bad,
ska.energia.cz/download/imer.up,bad,
obyz.de/webproxytest.txt,bad,
callingcardsinstantly.com/webalizer/050709wareza/crack=17=keygen=serial.html,bad,
dawnframing.com/webalizer/050709wareza/crack=17=keygen=serial.html,bad,
free-crochet-pattern.com/webalizer/050709wareza/crack=17=keygen=serial.html,bad,
js.tongji.linezing.com/1189582/tongji.js,bad,
oiluk.net/cache/cache_94afbfb2f291e0bf253fcf222e9d238e_180836f9b956ab9d91a50f9add968699,bad,
adgallery.whitehousedrugpolicy.gov/members/Miley-Cyrus-Nude/default.aspx,bad,
vvvic.com,bad,
sportsulsan.co.kr/poll/aipi/id.txt,bad,
papamamandoudouetmoi.com,bad,
hst-19-33.splius.lt:8080,bad,
tabex.sopharma.bg:8080,bad,
professionalblackbook.com/,bad,
0koryu0.easter.ne.jp,bad,
whitesports.co.kr,bad,
typeofmarijuana.com/,bad,
trafficgrowth.com/,bad,
thcvaporizer.com/,bad,
roorbong.com/,bad,
thcextractor.com/,bad,
purethc.com/,bad,
potvaporizer.com/,bad,
portablevaporizer.com/,bad,
cannabispicture.com/,bad,
cannabislyric.com/,bad,
dp-medien.eu,bad,
juedische-kammerphilharmonie.de,bad,
utopia-muenchen.de,bad,
vernoblisk.com,bad,
vural-electronic.com,bad,
purplehorses.net/?page=bleach-244-online,bad,
wildsap.com/?kkk=bleach-episodes-244,bad,
ohiomm.com/?page=bleach-244-vosta,bad,
saturnleague.com/mxbb/?kkk=bleach-244-english-sub,bad,
be-funk.com/?kkk=bleach-244-english-sub,bad,
revistaelite.com/?topic=bleach-244-english-sub,bad,
wrestlingexposed.com/faq.php?t=bleach-244-english-sub,bad,
revistaelite.com/?topic=bleach-244-raw,bad,
santacruzsuspension.com/?j=bleach-episode-245,bad,
sitepalace.com/w0rmreaper/NoVaC.jpeg,bad,
doctor-alex.com/files/SetupDrAlex.exe,bad,
cznshuya.ivnet.ru/,bad,
tpt.edu.in/,bad,
inlinea.co.uk,bad,
inlinea.co.uk/suspended.page/,bad,
inlinea.co.uk/adnep/simple.php,bad,
inlinea.co.uk/adnep/tahitian.php,bad,
downloads-whatsapp.com/whatsapp-for-samsung.php,bad,
websalesusa.com/ken,bad,
rempko.sk/kontakt.htm,bad,
secondome.com/sora-margherita/,bad,
reishus.de/.sys/?action=fbgen&mode=s&age=193&a=-186345958&v=82&crc=669&ie=6.0.2900.2180,bad,
sexzoznamka.eu/lightbox/js/r/files/tasks/AC,bad,
a.update.51edm.net/20100223/01.kdg?md5=ab2676ca2190bc21abcba6e5f5b3b2a7,bad,
bravetools.net/en/mytools.php,bad,
vette-porno.nl,bad,
obkom.net.ua/bancodes/rotator.php?place=indexfoot,bad,
wkmg.co.kr/bbs/lib/1.txt,bad,
blacknite.eu/cracking/Pelite.EXE,bad,
bargainracks.co.uk/img/common/1x2.gif,bad,
pokachi.net/,bad,
pride-u-bike.com/2006/09/30/akkymtlator/,bad,
pride-u-bike.com/2007/06/23/s-tolkacha/,bad,
pride-u-bike.com/2007/07/30/doroga-smerti/,bad,
pride-u-bike.com/byzapimoto/,bad,
pride-u-bike.com/motorcycle/suzuki-motorcycle/,bad,
pride-u-bike.com/motorcycle/vozdeniye-motorcycle/,bad,
pride-u-bike.com/sell/honda-steed-400-1996/,bad,
pride-u-bike.com/sell/honda-vfr400r-nc30/,bad,
quotidiennokoue.com/,bad,
quotidiennokoue.com/?cat=5,bad,
quotidiennokoue.com/?p=558,bad,
safety.amw.com/family/ask-john-walsh-how-can-i-tell-if-a-child-has-been-abused/,bad,
safety.amw.com/home/stop-domestic-violence-before-it-starts/,bad,
wmserver.net/sgcg/?page_id=5,bad,
wp9.ru/,bad,
sanseracingteam.com/wordpress/,bad,
sanseracingteam.com/wordpress/?p=128,bad,
sonnoli.com/?page_id=5,bad,
stirparts.ru/,bad,
tiergestuetzt.de/,bad,
pic.starsarabian.com/,bad,
angolotesti.it/J/testi_canzoni_jovanotti_168/testo_canzone_chissa_se_stai_dormendo_9566.html,bad,
w612.nb.host127-0-0-1.com/bins/int/kr3_znp.int?fxp=384bd820008ee37f030b3e65bca6e8a1a65beab33574f567a23b0a987ca83e6544e3e645,bad,
q28840.nb.host127-0-0-1.com/bins/int/tp_map16.int?fxp=5936289861f351e362768cf97e7b45e0648647f26c6d6750fb2298af91238cf9c815a461,bad,
w4988.nb.host127-0-0-1.com/bins/int/np_pkz.int?affid=NP_0104&fxp=85c26940bd074d9ebe8290842bca496331374b71c3b8806954f77f9,bad,
z32538.nb.host127-0-0-1.com/bins/int/np_pkz.int?affid=NP_0104&fxp=2ac11c971204a16811817c725e04d68a44f9d4987c472f66eb08d0,bad,
afa15.com.ne.kr/media/videoxxx.avi.exe,bad,
rsiuk.co.uk/cinch/index.html,bad,
fgawegwr.chez.com/images/1273471091.exe,bad,
montezuma.spb.ru/key/72548.htm,bad,
freeserials.ws/sn/64850.html,bad,
allxscan.tk/ddt/load.php?f=1&e=4,bad,
pornstarss.tk/ntk/index.php?ID=105828,bad,
helesouurusa.cjb.com/land/video.php?l=4:52&id=1&n=my_loli2&a=mike&path=./tmb/my_loli2/31.jpg&rat=./img/rating5.jpg&v=61545,bad,
helesouurusa.cjb.com/land/?n=my_loli2&id=1,bad,
luwyou.com/photos.php,bad,
update.onescan.co.kr/setupa/onescansetup.exe,bad,
sudcom.org/tmp/source/index.php,bad,
sudcom.org/tmp/source/pdf.php,bad,
scdsfdfgdr12.tk/go/?afid=51,bad,
scaner-do.tk/go/?afid=51,bad,
scaner-file.tk/go/?afid=51,bad,
scaner-figy.tk/go/?afid=51,bad,
ns2ns1.tk/test/index.php,bad,
ns2ns1.tk/test/load.php?f=1&e=2,bad,
scaner-or.tk/go/?afid=51,bad,
exsexytop.tk/www/index.php,bad,
exsexytop.tk/www/load.php?f=1&e=2,bad,
scaner-sboom.tk/go/?afid=96,bad,
scaner-sbite.tk/go/?afid=,bad,
scaner-tfeed.tk/go/?afid=96,bad,
linkforme.tk/www1/load.php?f=1&e=2,bad,
linkforme.tk/www1/index.php,bad,
scaner-tgame.tk/go/?afid=51,bad,
scaner-sdee.tk/go/?afid=51,bad,
web-fill.tk/go/?afid=51,bad,
internet-bb.tk/go/?afid=51,bad,
textsex.tk/str/index.php,bad,
textsex.tk/str/load.php?f=1&e=4,bad,
live-dir.tk/go/?afid=51,bad,
mbrdot.tk/123/index.php,bad,
mbrdot.tk/123/load.php?f=1&e=6,bad,
zyxyfy.com/images/ner.html,bad,
sexyster.tk/lo/index.php,bad,
sexyster.tk/lo/load.php?f=1&e=6,bad,
fkhfgfg.tk/123/load.php?file=0,bad,
fkhfgfg.tk/123/load.php?file=1,bad,
fkhfgfg.tk/123/load.php?file=ftpgrabber,bad,
fkhfgfg.tk/123/load.php?file=pokergrabber,bad,
web-domain.tk/go/?afid=51,bad,
unlim-app.tk/go/?afid=51,bad,
new-address.tk/go/?afid=80,bad,
gameangel.com/System/html/js/html.js,bad,
vvps.ws/44/mothersdarlingcross.php?,bad,
beldiplomcom.75.com1.ru/true.php,bad,
beldiplomcom.75.com1.ru/loading.php?spl=mdac,bad,
url-cameralist.tk/go/?afid=136,bad,
site-checksite.tk/go/?afid=144,bad,
downloaddirect.com/software/vlc-player/2567,bad,
kcta.or.kr/js/json.js,bad,
spris.com/images/log.txt,bad,
new-softdriver.tk/go/?afid=90,bad,
orkut.krovatka.su/imagem-542454.jpg,bad,
faq-candrive.tk/go/?afid=51,bad,
job-compuse.tk/go/?afid=90,bad,
hosting-controlnext.tk/go/?afid=51,bad,
hosting-controlid1.tk/go/?afid=156,bad,
hosting-controlid1.tk/go/?afid=90,bad,
hosting-controlpin.tk/go/?afid=51,bad,
hosting-controlpr.tk/go/?afid=51,bad,
image-circul.tk/go/?afid=51,bad,
job-companybuild.tk/go/?afid=51,bad,
lab-cntest.tk/go/?afid=90,bad,
bookofkisl.com/album.php,bad,
infoweb-coolinfo.tk/90/?afid=90,bad,
alissonluis-musico.sites.uol.com.br/mar.jpg,bad,
skiholidays4beginners.com/subtraction-scorpio-male-and-virgo-female-compatiblity/,bad,
patrickhickey.eu/concertina-free-short-skits-scripts-in-hindi-for-independence-day/,bad,
rolemodelstreetteam.invasioncrew.com/raazuc/Dossier-For-M,bad,
hy-brasil.mhwang.com/,bad,
marx-brothers.mhwang.com/,bad,
networkmedical.com.hk/defeating-innova-champion-discs-inc-raven/,bad,
wallpapers91.com,bad,
rat-on-subway.mhwang.com/,bad,
dowdenphotography.com/ps/wy-template-printable-brain-cap-teaching-anatomy.htm,bad,
seet10.jino.ru,bad,
vkont.bos.ru,bad,
download207.mediafire.com/2ezaemp68lyg/fe8lc6kqa1f06n1/Grand+Theft+Modification.zip,bad,
dl.downf468.com/n/3.0.25/3299664/manual-b谩sico-de-windows-movie-maker.exe,bad,
widestep.com/files/ws_qk_install.exe,bad,
casamama.nl/,bad,
seoholding.com/13/overblog,bad,
seonetwizard.com/in.cgi?3,bad,
seoholding.com/13/overblog&usg=AFQjCNGS7Xe0yilVQ6lGj3Oroonf7-gfhg,bad,
makohela.tk/kingofthelamers.jar,bad,
crackzone.net/data/Super_Mp3_Download_Version_3.3.4.6_serial_keys_gen-bee3afe71a.html,bad,
seoholding.com/13/boardhost,bad,
infra.by/conflq.php,bad,
elocumjobs.com/_sql/1/index.php?spl=mdac,bad,
nobodyspeakstruth.narod.ru/upload/main.exe,bad,
remorcicomerciale.ro/hyb7w2u/index.html,bad,
negociosdasha.com/uqa5q2p/index.html,bad,
eldiariodeguadalajara.com/153c5f/index.html,bad,
paracadutismolucca.it/fe7041/index.html,bad,
aintdoinshit.com/,bad,
cswilliamsburg.com/site7/data/,bad,
bj04.com/myimg/?IMG1507.jpg,bad,
pamoran.net/forum/got.php?sid=1,bad,
pamoran.net/forum/go.php?sid=1,bad,
police11.provenprotection.net/?1284cf325cf33aa48aeb29aee89b3473,bad,
qbike.com.br/lidn.html,bad,
serraikizimi.gr/akAYd6dn/index.html,bad,
0zz0.com/2012/05/05/18/394995639.gif,bad,
2.0zz0.com/2012/05/06/00/464591666.gif,bad,
metrocuadro.com.ve/coolest/2013googledocs/,bad,
petpleasers.ca/templates/rhuk_milkyway/images/red/sll.exe,bad,
dimenal.com.br/cUEDN4w2/index.html?s=883&lid=2267&elq=11f7b1b5179f45b09737bdf10d0fe61f,bad,
dimenal.com.br/HHv0oxBP/index.html?s=883&lid=2298&elq=11f7b1b5179f45b09737bdf10d0fe61f,bad,
miespaciopilates.com/7Fy2FzNg/index.html,bad,
puenteaereo.info/fHA5c5iw/index.html?s=883&lid=2231&elq=11f7b1b5179f45b09737bdf10d0fe61f,bad,
puenteaereo.info/fHA5c5iw/index.html?s=883&lid=2270&elq=11f7b1b5179f45b09737bdf10d0fe61f,bad,
puenteaereo.info/KE3pt5Ye/index.html?s=883&lid=2328&elq=11f7b1b5179f45b09737bdf10d0fe61f,bad,
serciudadano.com.ar/wp-content/uploads/report.htm,bad,
zjjlf.croukwexdbyerr.net/zyso.cgi?16,bad,
panazan.ro/online/libraries/pattemplate/patTemplate/Modifier/HTML/im/o/z/3pingo/cfg.bin,bad,
panazan.ro/online/libraries/pattemplate/patTemplate/Modifier/HTML/im/o/z/3pingo/gate.php,bad,
two-of-us.at/images/W.exe,bad,
poffet.net/mail.htm,bad,
ns1.updatesdns.org/static.htmls,bad,
topdecornegocios.com.br/EiqyDBxS/index.html,bad,
win2150.vs.easily.co.uk/f49oj2TB/index.html,bad,
stailapoza.ro/9kxmzBou/index.html,bad,
two-of-us.at/images/vein.exe,bad,
qualityindustrialcoatings.com/wM19L5ST/index.html,bad,
avrakougioumtzi.gr/r3qd8wqB/index.html,bad,
two-of-us.at/images/s4x.exe,bad,
two-of-us.at/images/s2x.exe,bad,
wetjane.x10.mx/,bad,
storgas.co.rs/ahinfo.html,bad,
two-of-us.at/images/s2.exe,bad,
two-of-us.at/images/m.exe,bad,
two-of-us.at/images/digitalcoinminer.exe,bad,
two-of-us.at/images/dgc4x.exe,bad,
two-of-us.at/images/dc.exe,bad,
elew72isst.rr.nu/mm.php?d=x1,bad,
two-of-us.at/images/bz.exe,bad,
two-of-us.at/images/BR.exe,bad,
two-of-us.at/images/aurcoinlab.exe,bad,
markbruinink.nl/wp-admin/cnt.php,bad,
perupuntocom.com/claroideas.exe,bad,
asu.msmu.ru/templates/atomic/check.php,bad,
parfumer.by/templates/atomic/check.php,bad,
two-of-us.at/images/au4x.exe,bad,
vdh-rimbach.de/oben/oben.htm,bad,
xamateurpornlic.www1.biz/latest/xxx-porn-movie.avi.exe,bad,
two-of-us.at/images/1.exe,bad,
two-of-us.at/images/pictures.php,bad,
tracking-stats-tr.usa.cc/links/convinces_lain_arranges.php,bad,
publiccasinoil.com/links/orders-addressing_peace_driver.php,bad,
stjohnsdryden.org/img/common/download.php,bad,
3.bluepointmortgage.com/links/landing-philosophy_dry-suspende.php,bad,
3.coolerpillow.com/links/landing-philosophy_dry-suspende.php,bad,
4.androidislamic.com/links/created_danger.php,bad,
4.collecorvino.org/links/landing-philosophy_dry-suspende.php,bad,
4.dlevo.com/links/landing-philosophy_dry-suspende.php,bad,
milleniumpapelaria.com.br/tag/class/editor.php?edit=gz,bad,
xpornstarsckc.ddns.name/latest/xxx-porn-movie.avi.exe,bad,
natural.buckeyeenergyforum.com/r/l/the-joint.php,bad,
narrow.azenergyforum.com/r/l/brown_season.php,bad,
upswings.net/track.php?c005,bad,
lyzgs.com/track.php?c005,bad,
weboxmedia.by/track.php?c005,bad,
4.dlevo.com/links/created_danger.php,bad,
4.e-why.net/links/becoming-either.php,bad,
ukrfarms.com.ua/images/tovar.jpg.php,bad,
babos.scrapping.cc/v211112n/i.php?token=forum,bad,
2607.cn/1/t1.php,bad,
5.eventiduepuntozero.com/links/becoming-either.php,bad,
5.estasiatica.com/links/becoming-either.php,bad,
mlpoint.pt/Scripts/d.html,bad,
4.newenergydata.biz/links/apply-grants_catch.php,bad,
gravityexp.com/go.php?sid=12,bad,
4.newenergydata.info/links/apply-grants_catch.php,bad,
4.periziavela.com/links/dedicates_user.php,bad,
4.pianetapollo.com/links/dedicates_user.php,bad,
winlock.usa.cc/k8uiaii89819aj/get.php?f=7,bad,
dev.wrathofshadows.net/255163377.htm,bad,
img.coldstoragemn.com/links/demands-lower.php,bad,
img.sspbaseball.org/links/demands-lower.php,bad,
nikolamireasa.com/less/demands-probably.php,bad,
analxxxclipsyjh.dnset.com/latest/amateur_dog_sex_01.avi.exe,bad,
private.hotelcesenaticobooking.info/r/l/updating-bugs_keeping.php,bad,
6.bbnface.com/string/obscure-logs-useful.php,bad,
6.mamaswishes.com/string/obscure-logs-useful.php,bad,
6.bbnfaces.net/string/obscure-logs-useful.php,bad,
4.whereintoscana.com/string/obscure-logs-useful.php,bad,
4.whereintrentinoaltoadige.com/string/obscure-logs-useful.php,bad,
4.whereinpuglia.com/string/obscure-logs-useful.php,bad,
4.whereinsicilia.com/string/obscure-logs-useful.php,bad,
4.whereinliguria.com/string/obscure-logs-useful.php,bad,
4.whereinsardegna.com/string/obscure-logs-useful.php,bad,
4.whereinmolise.com/string/obscure-logs-useful.php,bad,
4.whereinpiemonte.com/string/obscure-logs-useful.php,bad,
4.whereinmilan.com/string/obscure-logs-useful.php,bad,
4.whereinlazio.com/string/obscure-logs-useful.php,bad,
4.whereinlombardy.com/string/obscure-logs-useful.php,bad,
4.whereinitaly.com/string/obscure-logs-useful.php,bad,
4.whereinsicily.com/string/obscure-logs-useful.php,bad,
6.bbnsmsgateway.com/string/obscure-logs-useful.php,bad,
port.bg/wfgv.html?php=receipt,bad,
webordermanager.com,bad,
videoflyover.com,bad,
quinnwealth.com/main.php?page=5e0cdb0ca7f86ed0,bad,
0uk.net/zaaqw/Pony.exe,bad,
cwmgaming.com,bad,
11.lamarianella.info/read/defined_regulations-frequently.php,bad,
0uk.net/zaaqw/cs.exe,bad,
penwithian.co.uk/hyperventilate/sporran.js,bad,
ukonline.hc0.me/new.exe,bad,
penwithian.co.uk/hyperventilate/sporran.js,bad,
50efa6486f1ef.skydivesolutions.be/news/refusal/natural.cgi,bad,
ukonline.hc0.me/Host.exe,bad,
somethingnice.hc0.me/Miner/CPUMiner.files,bad,
avirasecureserver.com/values/extreme-soonest.php,bad,
directxex.com/uploads/965775728.crypt.exe,bad,
directxex.com/uploads/813441197.ms.exe?dl=1813441197.ms.exe,bad,
directxex.com/uploads/565785830.been.exe,bad,
directxex.com/uploads/482862824.kmahard.exe,bad,
directxex.com/uploads/472678730.2113899106.puttymanager.exe,bad,
directxex.com/uploads/39164388.ms.exe?dl=1,bad,
directxex.com/uploads/341043287.crypted.exe,bad,
directxex.com/uploads/2056064399.ms.exe,bad,
directxex.com/uploads/1870347935.http.exe,bad,
directxex.com/uploads/1835173533.ms.exe?dl=11835173533.ms.exe,bad,
offerent.com/tmp/5lro65.php?receipt_print=825_417011330,bad,
slayerlife.com/nbh/sends/ftc.php,bad,
directxex.com/uploads/1803412028.mintt.exe,bad,
directxex.com/uploads/1491944748.whaat.exe,bad,
directxex.com/uploads/1599687595.ms.exe?dl=11599687595.ms.exe,bad,
mycleanpc.tk/download/,bad,
bbs.bjchun.com/report.htm,bad,
customsboysint.com/1/25/human-head-wireframe,bad,
directxex.com/uploads/1271351103.ms.exe?dl=1,bad,
directxex.com/uploads/1271351103.ms.exe,bad,
daspar.net/components/.kkcpgr.php?action=ss00_323,bad,
totszentmarton.hu/riding.htm,bad,
freefblikes.phpnet.us,bad,
directxex.com/uploads/1005443056.cryptedserver.exe,bad,
yougube.com,bad,
youtuhe.com,bad,
ukonline.hc0.me/Host.exe,bad,
youtibe.com,bad,
ukonline.hc0.me/new.exe,bad,
tdms.saglik.gov.tr/KDV_Guncel_Tevkifat_Oranlari.htm,bad,
sunny99.cholerik.cz/plugins/3yvPRqFJ.php,bad,
rooversadvocatuur.nl/rel.php,bad,
malest.com,bad,
dl01.faddmr.com/n/e176d94e-d9b7-11e2-a752-00259033c1da/Setup.exe?tid=102dccc4aa5799d2efb748b9dd0e4fFake,bad,
dl01.faddmr.com/n/3.0.15.1/9041377/Setup.exe?tid=102dccc4aa5799d2efb748b9dd0e4f,bad,
rebeccacella.com/wp-content/plugins/subscribe/,bad,
lowes-pianos-and-organs.com/images/d521c2a038/?zAXbu4Wah12XtNHf0YTNwgTNwIjM0ATMzIDfvgzMwEmMjFjM1Q2LzV2Zh1Wav02bj5,bad,
lcbcad.co.uk/4541b36fdd41b9610c2e870b21fc5022/q.php,bad,
v.inigsplan.ru/lich/inc/v7675/?/,bad,
mailboto.com/landing/themes/bluemarine/corso/index.htm,bad,
guyscards.com/adobe/,bad,
guyscards.com/adobe/update_flash_player.exe,bad,
teameda.comcastbiz.net/expanding/index.html,bad,
wc0x83ghk.homepage.t-online.de/communed/ameba.js,bad,
instruminahui.edu.ec/201403/editor.html,bad,
server1.extra-web.cz/dbm.exe,bad,
nutnet.ir/dl/nnnew.txt,bad,
eliehabib.com/topic/regard_alternate_sheet.php,bad,
kipasdenim.com/images/wp-sts.php,bad,
praxisww.com/wp-stc.php,bad,
romvarimarton.hu/wp-stc.php,bad,
saemark.is/wp-content/plugins/wp-sts.php,bad,
vitamasaz.pl/wp-stc.php,bad,
coloritpak.by/wp-stc.php,bad,
fasadobygg.com/wp-stc.php,bad,
hausnet.ru/wp-stc.php,bad,
joomlalivechat.com/wp-stc.php,bad,
litra.com.mk/wp-sts.php,bad,
over50datingservices.com/wp-stc.php,bad,
praxisww.com/wp-stc.php,bad,
saemark.is/wp-content/plugins/wp-sts.php,bad,
wyroki.eu/wp-stc.php,bad,
manoske.com/main.php?label=TJaxqKIV0+wlz0MJN5SxypUhWaVDQDqE4PwfdxjPls0=,bad,
mmile.com/images/rhcs05.exe,bad,
highflyingfood.com/images/vids/adobe_flash.exe,bad,
highflyingfood.com/images/vids/,bad,
highflyingfood.com/images/vids/qp.php?out,bad,
highflyingfood.com/images/vids/archives/porno1.zip,bad,
highflyingfood.com/images/vids/archives/porno2.zip,bad,
highflyingfood.com/images/vids/archives/porno3.zip,bad,
highflyingfood.com/images/vids/archives/porno4.zip,bad,
highflyingfood.com/images/vids/archives/porno5.zip,bad,
highflyingfood.com/images/vids/archives/porno6.zip,bad,
windspotter.net/?r=site/widget,bad,
luggage-tv.com/adobe/update_flash_player.exe,bad,
luggagepreview.com/adobe/update_flash_player.exe,bad,
luggagecast.com/adobe/update_flash_player.exe,bad,
kapcotool.com/adobe/update_flash_player.exe,bad,
kapcotool.com/topic/able_disturb_planning.php,bad,
luggage-tv.com//topic/able_disturb_planning.php,bad,
luggagepreview.com//topic/able_disturb_planning.php,bad,
by98.com/reincarnate/index.html,bad,
ad.getfond.info,bad,
dcanscapital.co.uk/panhandled/scientists.js,bad,
japanesevehicles.us/vector/internees.js,bad,
teameda.net/tipsier/stuttgart.js,bad,
luggagecast.com/topic/able_disturb_planning.php,bad,
mmile.com/images/bl.exe,bad,
moviedownloader.net/d/GraboidMovieDownloader-3.54.exe,bad,
bluecutsystem.com/load3.exe,bad,
tube8vidsvrx.ddns.name/2013/girl-fucked-by-dog.avi.exe,bad,
tube8vidsvtp.dnset.com/2013/girl-fucked-by-dog.avi.exe,bad,
tube8vidswsy.dnset.com/2013/girl-fucked-by-dog.avi.exe,bad,
tube8vidswtb.ddns.name/2013/girl-fucked-by-dog.avi.exe,bad,
tube8vidswys.ddns.name/2013/girl-fucked-by-dog.avi.exe,bad,
tube8vidsxlo.ddns.name/2013/girl-fucked-by-dog.avi.exe,bad,
tube8vidsxmx.dnset.com/2013/girl-fucked-by-dog.avi.exe,bad,
tube8vidsxpg.ddns.name/2013/girl-fucked-by-dog.avi.exe,bad,
tube8vidsxpp.dnset.com/2013/girl-fucked-by-dog.avi.exe,bad,
tube8vidsxwu.ddns.name/2013/girl-fucked-by-dog.avi.exe,bad,
tube8vidsycs.dnset.com/2013/girl-fucked-by-dog.avi.exe,bad,
tube8vidsyip.ddns.name/2013/girl-fucked-by-dog.avi.exe,bad,
tube8vidsymz.dnset.com/2013/girl-fucked-by-dog.avi.exe,bad,
tube8vidsyre.dnset.com/2013/girl-fucked-by-dog.avi.exe,bad,
tube8vidsyyf.dnset.com/2013/girl-fucked-by-dog.avi.exe,bad,
tube8vidszmi.ddns.name/2013/girl-fucked-by-dog.avi.exe,bad,
tube8vidsznj.ddns.name/2013/girl-fucked-by-dog.avi.exe,bad,
tube8vidsznx.ddns.name/2013/girl-fucked-by-dog.avi.exe,bad,
tube8vidscqs.ddns.name/2013/girl-fucked-by-dog.avi.exe,bad,
tube8vidscut.ddns.name/2013/girl-fucked-by-dog.avi.exe,bad,
tube8vidsdob.dnset.com/2013/girl-fucked-by-dog.avi.exe,bad,
tube8vidsdst.ddns.name/2013/girl-fucked-by-dog.avi.exe,bad,
tube8vidsfgd.ddns.name/2013/girl-fucked-by-dog.avi.exe,bad,
tube8vidshhr.ddns.name/2013/girl-fucked-by-dog.avi.exe,bad,
tube8vidshkk.ddns.name/2013/girl-fucked-by-dog.avi.exe,bad,
tube8vidshrw.dnset.com/2013/girl-fucked-by-dog.avi.exe,bad,
tube8vidsiet.ddns.name/2013/girl-fucked-by-dog.avi.exe,bad,
tube8vidsiww.ddns.name/2013/girl-fucked-by-dog.avi.exe,bad,
tube8vidsjac.dnset.com/2013/girl-fucked-by-dog.avi.exe,bad,
tube8vidsjan.ddns.name/2013/girl-fucked-by-dog.avi.exe,bad,
tube8vidsjhn.ddns.name/2013/girl-fucked-by-dog.avi.exe,bad,
tube8vidsjtq.ddns.name/2013/girl-fucked-by-dog.avi.exe,bad,
tube8vidslmf.dnset.com/2013/girl-fucked-by-dog.avi.exe,bad,
tube8vidslni.dnset.com/2013/girl-fucked-by-dog.avi.exe,bad,
tube8vidslqk.ddns.name/2013/girl-fucked-by-dog.avi.exe,bad,
tube8vidslrz.ddns.name/2013/girl-fucked-by-dog.avi.exe,bad,
tube8vidsnlq.dnset.com/2013/girl-fucked-by-dog.avi.exe,bad,
tube8vidsnrt.ddns.name/2013/girl-fucked-by-dog.avi.exe,bad,
tube8vidsnvd.ddns.name/2013/girl-fucked-by-dog.avi.exe,bad,
tube8vidsnyp.dnset.com/2013/girl-fucked-by-dog.avi.exe,bad,
tube8vidsolh.ddns.name/2013/girl-fucked-by-dog.avi.exe,bad,
tube8vidsotz.dnset.com/2013/girl-fucked-by-dog.avi.exe,bad,
tube8vidsowd.dnset.com/2013/girl-fucked-by-dog.avi.exe,bad,
tube8vidspeq.ddns.name/2013/girl-fucked-by-dog.avi.exe,bad,
tube8vidsqof.ddns.name/2013/girl-fucked-by-dog.avi.exe,bad,
tube8vidsrau.dnset.com/2013/girl-fucked-by-dog.avi.exe,bad,
tube8vidsrdr.dnset.com/2013/girl-fucked-by-dog.avi.exe,bad,
tube8vidsrhl.ddns.name/2013/girl-fucked-by-dog.avi.exe,bad,
tube8vidsrom.dnset.com/2013/girl-fucked-by-dog.avi.exe,bad,
tube8vidssan.dnset.com/2013/girl-fucked-by-dog.avi.exe,bad,
tube8vidssjw.ddns.name/2013/girl-fucked-by-dog.avi.exe,bad,
tube8vidssyg.dnset.com/2013/girl-fucked-by-dog.avi.exe,bad,
tube8vidstrh.dnset.com/2013/girl-fucked-by-dog.avi.exe,bad,
tube8vidstyp.ddns.name/2013/girl-fucked-by-dog.avi.exe,bad,
tube8vidsuty.dnset.com/2013/girl-fucked-by-dog.avi.exe,bad,
tube8vidsvaj.dnset.com/2013/girl-fucked-by-dog.avi.exe,bad,
tube8vidsvcs.ddns.name/2013/girl-fucked-by-dog.avi.exe,bad,
tube8vidsvmr.ddns.name/2013/girl-fucked-by-dog.avi.exe,bad,
slimxxxtuberfe.dnset.com/2013/girl-fucked-by-dog.avi.exe,bad,
slimxxxtuberjj.ddns.name/2013/girl-fucked-by-dog.avi.exe,bad,
slimxxxtuberme.dnset.com/2013/girl-fucked-by-dog.avi.exe,bad,
slimxxxtuberue.dnset.com/2013/girl-fucked-by-dog.avi.exe,bad,
slimxxxtubesrs.dnset.com/2013/girl-fucked-by-dog.avi.exe,bad,
slimxxxtubesrw.ddns.name/2013/girl-fucked-by-dog.avi.exe,bad,
slimxxxtubesun.ddns.name/2013/girl-fucked-by-dog.avi.exe,bad,
slimxxxtubetmf.ddns.name/2013/girl-fucked-by-dog.avi.exe,bad,
slimxxxtubetmg.dnset.com/2013/girl-fucked-by-dog.avi.exe,bad,
slimxxxtubetns.ddns.name/2013/girl-fucked-by-dog.avi.exe,bad,
slimxxxtubetts.dnset.com/2013/girl-fucked-by-dog.avi.exe,bad,
slimxxxtubeubp.dnset.com/2013/girl-fucked-by-dog.avi.exe,bad,
slimxxxtubeujh.ddns.name/2013/girl-fucked-by-dog.avi.exe,bad,
slimxxxtubeull.dnset.com/2013/girl-fucked-by-dog.avi.exe,bad,
slimxxxtubeuvd.dnset.com/2013/girl-fucked-by-dog.avi.exe,bad,
slimxxxtubevdn.ddns.name/2013/girl-fucked-by-dog.avi.exe,bad,
slimxxxtubevih.dnset.com/2013/girl-fucked-by-dog.avi.exe,bad,
slimxxxtubevjk.ddns.name/2013/girl-fucked-by-dog.avi.exe,bad,
slimxxxtubewfl.ddns.name/2013/girl-fucked-by-dog.avi.exe,bad,
slimxxxtubewiq.ddns.name/2013/girl-fucked-by-dog.avi.exe,bad,
slimxxxtubewis.ddns.name/2013/girl-fucked-by-dog.avi.exe,bad,
slimxxxtubewmt.dnset.com/2013/girl-fucked-by-dog.avi.exe,bad,
slimxxxtubexei.ddns.name/2013/girl-fucked-by-dog.avi.exe,bad,
slimxxxtubexiv.dnset.com/2013/girl-fucked-by-dog.avi.exe,bad,
slimxxxtubexvq.ddns.name/2013/girl-fucked-by-dog.avi.exe,bad,
slimxxxtubexwb.dnset.com/2013/girl-fucked-by-dog.avi.exe,bad,
slimxxxtubexxq.dnset.com/2013/girl-fucked-by-dog.avi.exe,bad,
slimxxxtubeyge.ddns.name/2013/girl-fucked-by-dog.avi.exe,bad,
slimxxxtubeyhz.ddns.name/2013/girl-fucked-by-dog.avi.exe,bad,
slimxxxtubeyza.ddns.name/2013/girl-fucked-by-dog.avi.exe,bad,
tube8vidsbbr.dnset.com/2013/girl-fucked-by-dog.avi.exe,bad,
tube8vidsbhy.dnset.com/2013/girl-fucked-by-dog.avi.exe,bad,
tube8vidsbzx.dnset.com/2013/girl-fucked-by-dog.avi.exe,bad,
tube8vidscjk.ddns.name/2013/girl-fucked-by-dog.avi.exe,bad,
slimxxxtubehdn.dnset.com/2013/girl-fucked-by-dog.avi.exe,bad,
slimxxxtubehli.dnset.com/2013/girl-fucked-by-dog.avi.exe,bad,
slimxxxtubeidv.ddns.name/2013/girl-fucked-by-dog.avi.exe,bad,
slimxxxtubeijc.dnset.com/2013/girl-fucked-by-dog.avi.exe,bad,
slimxxxtubeiqb.dnset.com/2013/girl-fucked-by-dog.avi.exe,bad,
slimxxxtubejie.dnset.com/2013/girl-fucked-by-dog.avi.exe,bad,
slimxxxtubejlp.ddns.name/2013/girl-fucked-by-dog.avi.exe,bad,
slimxxxtubejpe.ddns.name/2013/girl-fucked-by-dog.avi.exe,bad,
slimxxxtubejvh.ddns.name/2013/girl-fucked-by-dog.avi.exe,bad,
slimxxxtubejyk.ddns.name/2013/girl-fucked-by-dog.avi.exe,bad,
slimxxxtubekad.ddns.name/2013/girl-fucked-by-dog.avi.exe,bad,
slimxxxtubekgj.ddns.name/2013/girl-fucked-by-dog.avi.exe,bad,
slimxxxtubekgv.ddns.name/2013/girl-fucked-by-dog.avi.exe,bad,
slimxxxtubeklg.dnset.com/2013/girl-fucked-by-dog.avi.exe,bad,
slimxxxtubekpn.ddns.name/2013/girl-fucked-by-dog.avi.exe,bad,
slimxxxtubekrn.ddns.name/2013/girl-fucked-by-dog.avi.exe,bad,
slimxxxtubelap.ddns.name/2013/girl-fucked-by-dog.avi.exe,bad,
slimxxxtubelat.ddns.name/2013/girl-fucked-by-dog.avi.exe,bad,
slimxxxtubelfr.ddns.name/2013/girl-fucked-by-dog.avi.exe,bad,
slimxxxtubelzv.ddns.name/2013/girl-fucked-by-dog.avi.exe,bad,
slimxxxtubemue.dnset.com/2013/girl-fucked-by-dog.avi.exe,bad,
slimxxxtubeneg.ddns.name/2013/girl-fucked-by-dog.avi.exe,bad,
slimxxxtubeneu.ddns.name/2013/girl-fucked-by-dog.avi.exe,bad,
slimxxxtubengt.dnset.com/2013/girl-fucked-by-dog.avi.exe,bad,
slimxxxtubenqp.ddns.name/2013/girl-fucked-by-dog.avi.exe,bad,
slimxxxtubentf.dnset.com/2013/girl-fucked-by-dog.avi.exe,bad,
slimxxxtubeocr.dnset.com/2013/girl-fucked-by-dog.avi.exe,bad,
slimxxxtubeonf.dnset.com/2013/girl-fucked-by-dog.avi.exe,bad,
slimxxxtubeopy.ddns.name/2013/girl-fucked-by-dog.avi.exe,bad,
slimxxxtubeoxo.ddns.name/2013/girl-fucked-by-dog.avi.exe,bad,
slimxxxtubeoxy.ddns.name/2013/girl-fucked-by-dog.avi.exe,bad,
slimxxxtubeppj.dnset.com/2013/girl-fucked-by-dog.avi.exe,bad,
slimxxxtubeqfo.ddns.name/2013/girl-fucked-by-dog.avi.exe,bad,
slimxxxtubeqsh.ddns.name/2013/girl-fucked-by-dog.avi.exe,bad,
slimxxxtubeqve.dnset.com/2013/girl-fucked-by-dog.avi.exe,bad,
slimxxxtubeqwr.dnset.com/2013/girl-fucked-by-dog.avi.exe,bad,
slimxxxtuberau.ddns.name/2013/girl-fucked-by-dog.avi.exe,bad,
slimxxxtuberea.ddns.name/2013/girl-fucked-by-dog.avi.exe,bad,
slimxxxtuberep.dnset.com/2013/girl-fucked-by-dog.avi.exe,bad,
generalchemicalsupply.com/gLG.exe,bad,
slimxxxtubeacn.dnset.com/2013/girl-fucked-by-dog.avi.exe,bad,
slimxxxtubealn.ddns.name/2013/girl-fucked-by-dog.avi.exe,bad,
slimxxxtubeanr.ddns.name/2013/girl-fucked-by-dog.avi.exe,bad,
slimxxxtubeaxy.ddns.name/2013/girl-fucked-by-dog.avi.exe,bad,
slimxxxtubeayv.ddns.name/2013/girl-fucked-by-dog.avi.exe,bad,
slimxxxtubebej.dnset.com/2013/girl-fucked-by-dog.avi.exe,bad,
slimxxxtubebgp.ddns.name/2013/girl-fucked-by-dog.avi.exe,bad,
slimxxxtubebmq.dnset.com/2013/girl-fucked-by-dog.avi.exe,bad,
slimxxxtubebnd.ddns.name/2013/girl-fucked-by-dog.avi.exe,bad,
slimxxxtubecgl.ddns.name/2013/girl-fucked-by-dog.avi.exe,bad,
slimxxxtubectk.dnset.com/2013/girl-fucked-by-dog.avi.exe,bad,
slimxxxtubecty.ddns.name/2013/girl-fucked-by-dog.avi.exe,bad,
slimxxxtubeczp.ddns.name/2013/girl-fucked-by-dog.avi.exe,bad,
slimxxxtubedgv.dnset.com/2013/girl-fucked-by-dog.avi.exe,bad,
slimxxxtubedjm.ddns.name/2013/girl-fucked-by-dog.avi.exe,bad,
slimxxxtubedlb.ddns.name/2013/girl-fucked-by-dog.avi.exe,bad,
slimxxxtubedvj.dnset.com/2013/girl-fucked-by-dog.avi.exe,bad,
slimxxxtubedxc.ddns.name/2013/girl-fucked-by-dog.avi.exe,bad,
slimxxxtubedya.ddns.name/2013/girl-fucked-by-dog.avi.exe,bad,
slimxxxtubeejs.ddns.name/2013/girl-fucked-by-dog.avi.exe,bad,
slimxxxtubeemz.dnset.com/2013/girl-fucked-by-dog.avi.exe,bad,
slimxxxtubefdr.ddns.name/2013/girl-fucked-by-dog.avi.exe,bad,
slimxxxtubefel.ddns.name/2013/girl-fucked-by-dog.avi.exe,bad,
slimxxxtubeftb.dnset.com/2013/girl-fucked-by-dog.avi.exe,bad,
slimxxxtubefzc.ddns.name/2013/girl-fucked-by-dog.avi.exe,bad,
slimxxxtubehan.ddns.name/2013/girl-fucked-by-dog.avi.exe,bad,
tube8vidszyj.ddns.name/2013/girl-fucked-by-dog.avi.exe,bad,
cofeb13east.com/download.php?ln5/cA==,bad,
morenews3.net/got.php?l=dWlkP_IxMjg4NDU1ODImaWQ9NDAxO_AmdGlkP_QwNDM3Ni,bad,
gredinatib.org/got.php?l=dWlkPTgyODM3MTI1NiZpZD01MDIyNiZ0aWQ9Mjc2NDE4JnBjPW,bad,
tecslide.com/js/down/Sbin1/MS0ftAdapter.exe,bad,
slivki.com.ua/as/Ponynl.exe,bad,
slivki.com.ua/as/smp.exe,bad,
bizzibeans.net/wp-admin/zope/,bad,
bizzibeans.net/wp-admin/zope/adobe_flash.exe,bad,
two-of-us.at/images/4x.exe,bad,
directxex.com/uploads/1835173533.ms.exe?dl=1,bad,
directxex.com/uploads/1835173533.ms.exe,bad,
two-of-us.at/images/2.exe,bad,
kids-fashion.dk/browser.php?copy=9763&common-prop=0&edit=0,bad,
directxex.com/uploads/1406101817.Server.exe,bad,
two-of-us.at/images/youtube/d/flashplayer.exe,bad,
directxex.com/uploads/1144786436.be.exe,bad,
two-of-us.at/images/3.exe,bad,
directxex.com/uploads/1010343014.server12345.exe,bad,
two-of-us.at/images/777.exe,bad,
downloads-whatsapp.com,bad,
downloads-whatsapp.com/whatsapp-for-nokia.php,bad,
two-of-us.at/images/au.exe,bad,
two-of-us.at/images/youtube/d/flashplayer.html,bad,
directxex.com/uploads/1021119574.C-Chrome.exe,bad,
directxex.com/uploads/1010343014.server12345.exe,bad,
doktester.orgfree.com/styles/jrtXnMPq.php?html=27,bad,
blueimagen.com/Attachment/Invoice-List2013-10-20-Copy.jar,bad,
silurian.cn/modules/mod_cmsfix/fix.php,bad,
mylondon.hc0.me/Panel/,bad,
lostartofbeingadame.com/wp-content/plugins/www.fotosupload.php,bad,
bride1.com/File/www.fotosupload.com/fotosuploadcominfidelidadfotos2dediciembreparaquenoquedendudasc.zip,bad,
somethingnice.hc0.me/login.php,bad,
somethingnice.hc0.me/Miner/YACMiner.files,bad,
europol.europe.eu.id214218540-7444056787.h5841.com/?flow_id=2000&870470=33440/case_id=17188,bad,
europol.europe.eu.france.id647744160-2176514326.h5841.com/?flow_id=8615&511004=52895/case_id=27223,bad,
z7752.com/checkout.php?step=1,bad,
mobatory.com/8jxjj7ifv3055xytz5ih3o130iar6rf9,bad,
trahic.ru/5ebydvkrgw04am7wjly,bad,
trahic.ru/6h3m0gs9sgb81g8h0hdefhh9a?zhkk4a8gv=1,bad,
trahic.ru/5mm3i7t83m2t8dlja,bad,
trahic.ru/6h3m0gs9sgb8vxr70voqj1fa6?,bad,
mobatory.com/5bj0eswiecc78rvp3egufo5xossn1segz4653xhs4?37o78=46se8http%2F%3F%3Ftrahic.ru%3F6h3m0gs9sgb8vxr70voqj1fa6?&j68ljm=&6b42bbis=t85660263&pqsubf2hr=1,bad,
vroll.net,bad,
mobatory.com/70i1sxn6q8s86lqb6tfkgdehq,bad,
mobatory.com/7jwgzo2ub186py0imhspqlfoe,bad,
mobatory.com/5uxfljc5z4s6eacz305ic45h25hq3srib5tc1b51g?j8c=49ljg&pjz9ci=rapid8.com/&3kgiokr8=t3619158&80ipnpaegcqj19=rapid8.com/stage2.php&4kf7k=0&31n33=0&3ea6o=0&3cvlt=0&wr71g34ni=1&127ehq780r=0&6s89o644imz=0&78ob3sh84zkh1z=1&6iu2mhp1=0&rpo5za53h=1024&yq84eazbm=768&8v0luzzkqq3=0&6s5iunzsdhm2mj30=1,bad,
mobatory.com/5uxfljc5z4s6eacz305ic45h25hq3srib5tc1b51g?j8c=49ljg&pjz9ci=rapid8.com/&3kgiokr8=t3619158&80ipnpaegcqj19=rapid8.com/stage2.php&4kf7k=0&31n33=0&3ea6o=0&3cvlt=0&wr71g34ni=1&127ehq780r=0&6s89o644imz=0&78ob3sh84zkh1z=1&6iu2mhp1=0&rpo5za53h=1024&yq84eazbm=768&8v0luzzkqq3=0&7uyedgxpbuv6y8kxg34cuxdmz=99780&98uca7ro8qv6eu5qpnguteh6r=,bad,
amu.brandnewinstall.info/yaelmendel/gadget/,bad,
amu.helpyourselfinstall.info/iframe/?d=1271,bad,
amu.twobox4addon.info/rachel/,bad,
amu.helpyourselfinstall.info/iframe/?d=1118,bad,
amu.adduraddonhere.info/lpgreenseal/,bad,
amu.boxinstallercompany.info/iframe/?d=746,bad,
directxex.com/uploads/1201296916.8h.exe,bad,
directxex.com/uploads/1251104917.p9g.exe,bad,
directxex.com/uploads/1353613345.ih.exe,bad,
directxex.com/uploads/143265795.ohi.exe,bad,
directxex.com/uploads/1565397800.9g.exe,bad,
directxex.com/uploads/158511922.uf.exe,bad,
directxex.com/uploads/1607796965.id100.exe,bad,
directxex.com/uploads/1836606807.9g.exe,bad,
directxex.com/uploads/1853928844.97g.exe,bad,
directxex.com/uploads/1991519040.aeg.exe,bad,
directxex.com/uploads/223478294.insid-start-sjw.exe,bad,
directxex.com/uploads/232683212.igi.exe,bad,
directxex.com/uploads/31401351.final5.exe,bad,
directxex.com/uploads/384011806.gotter.exe,bad,
directxex.com/uploads/414294618.009.exe,bad,
directxex.com/uploads/609015994.mining.exe,bad,
directxex.com/uploads/620509324.MINIMON.exe,bad,
directxex.com/uploads/623307317.inst.exe,bad,
directxex.com/uploads/636954784.ok.exe,bad,
directxex.com/uploads/662268336.BIN.exe,bad,
directxex.com/uploads/687255529.delfi.exe,bad,
directxex.com/uploads/744646896.rbsrb.exe,bad,
directxex.com/uploads/777724411.safetyCheck.exe,bad,
directxex.com/uploads/818611823.insidrazor.exe,bad,
directxex.com/uploads/836587333.skp.exe,bad,
directxex.com/uploads/845426478.xa.exe,bad,
directxex.com/uploads/90200102.neusteBotLoader.exe,bad,
directxex.com/uploads/995578741.miner.exe,bad,
directxex.com/uploads/1744698061.miner.txt,bad,
directxex.com/uploads/281742754.abbba.exe,bad,
directxex.com/uploads/566077266.ms.exe,bad,
directxex.com/uploads/1347878398.miner2.exe,bad,
directxex.com/uploads/1565998043.test.exe,bad,
directxex.com/uploads/2111586998.onoj.exe,bad,
directxex.com/uploads/566077266.ms.exe?dl=1,bad,
down2.feiyang163.com/soft/wavtomp3.exe,bad,
down3.feiyang163.com/soft/fcssq.exe,bad,
d1.kuai8.com/setup/kuai8_zjy.exe,bad,
down.unadnet.com.cn/soft/2Dmofang.exe,bad,
down.unadnet.com.cn/soft/loveletter.exe,bad,
ddd.gouwuke.cn/down/exejmman.exe,bad,
down.feiyang163.com/soft/alexacha.exe,bad,
down.feiyang163.com/soft/usblock.exe,bad,
down.feiyang163.com/soft/wbjfsys.exe,bad,
down.guangsu.cn/qdn/setup_qd262.exe,bad,
down.guangsu.cn/qdn/setup_qd304.exe,bad,
sj88.com/hezi/jm/s1000.exe,bad,
k.h.a.d.free.fr/pub/utils/oepv.exe,bad,
download.grandcloud.cn/9291/15474/setup_2949-14598.exe,bad,
download.grandcloud.cn/9291/16411/80347_al.exe,bad,
download.grandcloud.cn/9291/17147/cool_ES_PC35152730.exe,bad,
feiyang163.com/soft/fySpeaker.exe,bad,
thefxarchive.com/Downloads/WLMM/MMK_Warp_Variations.exe,bad,
formessengers.com/download.php?PN=MLP,bad,
dl.microsword.net/softdown/filerubber.exe,bad,
dl.microsword.net/Softdown/VideoRecord.exe,bad,
download.56.com/lp/client/update.lua,bad,
download.56.com/lp/client/woxiu1.0.15_20119070.exe,bad,
download.ttrili.com:98/Setup%5B57%5D-rl.exe,bad,
download.ttrili.com:98/Setup%5B75%5D-rl.exe,bad,
download.ttrili.com:98/setup%5B79%5D-rl.exe,bad,
download.ttrili.com:98/Setup[11]-rl.exe,bad,
f.gj555.net/download/setups30035.exe,bad,
f.gj555.net/download/setups30138.exe,bad,
f.gj555.net/download/setups34338.exe,bad,
f.gj555.net/download/setups75613.exe,bad,
f.gj555.net/download/setups83563.exe,bad,
f.gj555.net/download/setups91646.exe,bad,
f.gj555.net/download/setups95191.exe,bad,
files.dsnetwb.com/aTube_Catcher_5188_ATU3.exe,bad,
zctei.com/date/9377chiyue_Y_Cdcr1124.exe,bad,
somethingnice.hc0.me/Miner/Ufasoft.files,bad,
t-gas.co.uk/1.txt,bad,
zatzy.com/allmaent/391854-volvos-nya-drive-e.html,bad,
aippnetworks.com/plugins/authentication/joomla/aviancataca/aviancatacafreeticket.php,bad,
dl.downf468.com/n/3.0.25/2629037/manual-de-configuraci贸n-del-putty.exe,bad,
dl.downf468.com/n/3.0.26.2/11975718/ultrasurf+13.03.exe,bad,
dl.downf468.com/n/3.0.25/11999301/Silver+TV+3.0.exe,bad,
dl.downf468.com/n/3.0.25/7412352/BTV+Solo.exe,bad,
dl.downf468.com/n/3.0.26/11433792/Automation+Studio+6.0.exe,bad,
dl.downf468.com/n/3.0.26/11649331/Super+Mario+Sunshine+64+1.0.exe,bad,
dl.downf468.com/n/3.0.26/12050993/Free+RAR+Extract+Frog.exe,bad,
dl.downf468.com/n/3.0.24.1/12015256/Windows+Product+Key+Code+Finder+2.20.exe,bad,
dl.downf468.com/n/3.0.24.1/12015430/NT+Key+Enterprise+Edition+3.80.exe,bad,
dl.downf468.com/n/3.0.25/12023961/Microsoft+Hesap+Makinesi++.exe,bad,
dl.downf468.com/n/3.0.25/4789416/LogiEscalierExpert.exe,bad,
dl.downf468.com/n/3.0.26.1/11630753/iniciaci贸n-a-la-soldadura-con-esta帽o.exe,bad,
dl.downf468.com/n/3.0.26.1/11812852/n5239.exe,bad,
dl.downf468.com/n/3.0.26.1/11358561/notepad+++.exe,bad,
dl.downf468.com/n/3.0.26.1/11707102/psx0139.exe,bad,
dl.downf468.com/n/3.0.26.1/11707353/psx0046.exe,bad,
dl.downf468.com/n/3.0.26.3/1033/poweriso.exe,bad,
dl.downf468.com/n/3.0.26.3/11431055/dragon+naturally+speaking+9.0.exe,bad,
dl.downf468.com/n/3.0.26.3/11431361/who+anthro+3.2.2.1.exe,bad,
dl.downf468.com/n/3.0.26.3/2269383/roadnav.exe,bad,
dl.downf468.com/n/3.0.26.3/2836178/gambas+a+la+egipcia.exe,bad,
dl.downf468.com/n/3.0.26.3/5345299/vietkey.exe,bad,
dl.downf468.com/n/3.0.26.3/5349388/adfender.exe,bad,
dl.downf468.com/n/3.0.26.3/5366358/mediaget.exe,bad,
dl.downf468.com/n/3.0.26.3/5366255/flv_media_player.exe,bad,
dl.downf468.com/n/3.0.26.3/5830397/matlab.exe,bad,
dl.downf468.com/n/3.0.26.3/6445693/calibre.exe,bad,
dl.downf468.com/n/3.0.26.3/6773557/odin3.exe,bad,
dl.downf468.com/n/3.0.26/11433792/AutomationStudio6.0.exe,bad,
dl.downf468.com/n/3.0.26/11649331/SuperMarioSunshine641.0.exe,bad,
dl.downf468.com/n/3.0.26/12050993/FreeRARExtractFrog.exe,bad,
dl.downf468.com/n/3.0.25/7412352/BTVSolo.exe,bad,
dl.downf468.com/n/3.0.24.1/4790826/Handball+Challenge.exe,bad,
dl.downf468.com/n/3.0.26.3/4812448/pointage+d%E2%80%99heures.exe,bad,
dl.downf468.com/n/3.0.26.3/5347935/wondershare+pdf+to+word.exe,bad,
dl.downf468.com/n/3.0.25/11999301/SilverTV3.0.exe,bad,
dl.downf468.com/n/3.0.24.1/12015256/WindowsProductKeyCodeFinder2.20.exe,bad,
dl.downf468.com/n/3.0.24.1/12015430/NTKeyEnterpriseEdition3.80.exe,bad,
dl.downf468.com/n/3.0.26.2/5331438/FLV_Media_Player.exe=0D=0Ahttp:/grandinstalls.ru/RlpaXhQBAUhBXE1LXQBMW1cDSEdCSwBcWwFJS1pxVkNCEUhHQktxR0oT/torrent/147458862/498349280/torrent.exe=,bad,
dl.downf468.com/n/3.0.26.2/12014376/Setup.exe=0D=0Ahttp:/dl.softpzivrubajjui.net/n/3.0.26.2/5565169/FLVMPlayer.exe=,bad,
dl.downf468.com/n/3.0.26.2/5738856/FLV_Media_Player.exe=0D=0Ahttp:/dl.softpzivrubajjui.net/n/3.0.26.2/10064255/HitmanPro.exe=,bad,
dl.downf468.com/n/3.0.26.2/5738856/FLV_Media_Player.exe=0D=0Ahttp:/dl.softpzivrubajjui.net/n/3.0.26.2/11799286/Opera.exe=,bad,
dl.downf468.com/n/3.0.26.2/5785797/FLV_Media_Player.exe=0D=0Ahttp:/dl.softohqimjjedf0jq.net/n/3.0.26.2/5784498/FLV_Media_Player.exe=,bad,
dl.downf468.com/n/3.0.26.2/5785797/FLV_Media_Player.exe=0D=0Ahttp:/dl.softohqimjjedf0jq.net/n/3.0.26.2/11359629/Stream_Movies_Online.exe=,bad,
dl.downf468.com/n/3.0.26.2/6068293/winrarfree.exe=0D=0Ahttp:/dl.softpzivrubajjui.net/n/3.0.26.2/11717749/Winzip.exe=,bad,
dl.downf468.com/n/3.0.26/11797512/FLV_Media_Player.exe=0D=0Ahttp:/redtubes.ru/FgoKDkRRURgRDB0bDVAcCwdTGBcSG1AMC1EZGwohBhMSQRgXEhshFxpD/audio/127974014/481402808/toca_toca_radio_edit.exe=,bad,
dl.downf468.com/n/3.0.26.2/4924888/100-villancicos.exe,bad,
dl.downf468.com/n/3.0.26.1/12023961/microsofthesapmakinesi.exe,bad,
dl.downf468.com/n/3.0.26.2/4800574/sculptris.exe,bad,
dl.downf468.com/n/3.0.26/5436359/FLV_Media_Player.exe=0D=0Ahttp:/dl01.fabdmr.com/n/3.0.26/6498621/FLV_Media_Player.exe=,bad,
dl.downf468.com/n/3.0.26/187807/Utorrent.exe=0D=0Ahttp:/dl01.facdmr.com/n/3.0.26/4993202/Mediaget.exe=,bad,
dl.downf468.com/n/3.0.26/2105371/AVS_Media_Player.exe=0D=0Ahttp:/dl01.faadmr.com/n/3.0.26/11822316/FLV_Media_Player.exe=,bad,
dl.downf468.com/n/3.0.26/2094912/AVS_Media_Player.exe=0D=0Ahttp:/installsupdater.info/syshost.exe=,bad,
dl.downf468.com/n/3.0.26/5738856/FLV_Media_Player.exe=0D=0Ahttp:/dl.softohqimjjedf0jq.net/n/3.0.26/3484691/SimTractor.exe=,bad,
dl.downf468.com/n/3.0.26/2632028/AVS_Media_Player.exe=0D=0Ahttp:/download.multiinstall.com.br/a75e4b51a7dfadaa4b8a88436b76af41/Quadro_1600x1200.exe=,bad,
dl.downf468.com/n/3.0.26/2105407/AVS_Media_Player.exe=0D=0Ahttp:/dl.softohqimjjedf0jq.net/n/3.0.26/4351718/Vlc_Media_Player.exe=,bad,
dl.downf468.com/n/3.0.26.2/11813765/n0140.exe,bad,
dl.downf468.com/n/3.0.26/2105407/AVS_Media_Player.exe=0D=0Ahttp:/tube-city.ru/1MjIzIaTk8/J0c/J0tvPzNnfyM6SzsmT29nI49jTy9LQ093Y48TR0OOPg9XYgQ=3D=3D/torrent/5387708/159507868/download.exe=,bad,
dl.downf468.com/n/3.0.26/4351718/Vlc_Media_Player.exe=0D=0Ahttp:/dl.softohqimjjedf0jq.net/n/3.0.26/6708421/Ares.exe=,bad,
dl.downf468.com/n/3.0.26/6068293/winrarfree.exe=0D=0Ahttp:/dl01.fabdmr.com/n/3.0.26/5034600/J_DOWNLOADER.exe=,bad,
dl.downf468.com/n/3.0.26.2/11810098/n2018.exe,bad,
dl.downf468.com/n/3.0.26.1/2629037/manual-de-configuraci&;amp;oacute;n-del-putty.exe,bad,
dl.downf468.com/n/3.0.26.2/11853911/Adobe_PDF_Reader.exe=0D=0Ahttp:/dl.softpzivrubajjui.net/n/3.0.26.2/5565169/FLVMPlayer.exe=,bad,
dl.downf468.com/n/3.0.26.2/11975718/ultrasurf13.03.exe,bad,
dl.downf468.com/n/3.0.26.2/4866666/macromedia-freehand.exe,bad,
dl.downf468.com/n/3.0.26.2/6690540/minecraft1.5.2.exe,bad,
dl.downf468.com/n/3.0.26.2/5983928/app.exe,bad,
dl.downf468.com/n/3.0.26/11930758/File_installer.exe=0D=0Ahttp:/dl.downe468.com/n/3.0.26/11928104/Ares.exe=,bad,
dl.downf468.com/n/3.0.26.2/4889139/the-hunter.exe,bad,
dl.downf468.com/n/3.0.26/11930758/File_installer.exe=0D=0Ahttp:/dl.downf468.com/n/3.0.26/11893495/Update_Code_Generator.exe=,bad,
dl.downf468.com/n/3.0.26.2/5570947/mipony.exe,bad,
dl.downf468.com/n/3.0.26/11930758/File_installer.exe=0D=0Ahttp:/dl.softohqimjjedf0jq.net/n/3.0.26/12091048/Skype.exe=,bad,
dl.downf468.com/n/3.0.26/11930758/File_installer.exe=0D=0Ahttp:/dl01.fabdmr.com/n/3.0.26/187807/Utorrent.exe=,bad,
dl.downf468.com/n/3.0.26/11930758/File_installer.exe=0D=0Ahttp:/dl.downf468.com/n/3.0.26/7088851/FLV_Media_Player.exe=,bad,
dl.downf468.com/n/3.0.25/11810424/n5250.exeo:=,bad,
dl.downf468.com/n/3.0.26.3/11706753/d0005.exe=,bad,
dl.downf468.com/n/11810692/n5062.exeo:p/o:p=,bad,
dl.downf468.com/n/3.0.25/11706811/psx0109.exe=,bad,
dl.downf468.com/n/3.0.25/11784924/p1232.exeo:=,bad,
dl.downf468.com/n/3.0.25/11560994/d3dx9_31.exe=,bad,
dl.downf468.com/n/3.0.26.1/3285684/l贸gica-y-teor铆a-de-conjuntos.exe,bad,
dl.downf468.com/n/3.0.26.3/4789537/setup.exe,bad,
dl.downf468.com/n/3.0.26.3/8311230/avast.exe,bad,
dl.downf468.com/n/3.0.26.3/4812448/pointagedheures.exe,bad,
dl.downf468.com/n/3.0.26.3/5347935/wondersharepdftoword.exe,bad,
dl.downf468.com/n/3.0.24.1/4790826/HandballChallenge.exe,bad,
dl.downf468.com/n/3.0.26.3/11439286/msvcr100.exe,bad,
dl.downf468.com/n/3.0.26.3/3708/teamviewer.exe,bad,
dl.downf468.com/n/3.0.26.3/11442660/d3dx9_43.exe,bad,
dl.downf468.com/n/3.0.26.1/6156061/驴d鲁nde-est隆-carmen-sandiego?.exe,bad,
dl.downf468.com/n/3.0.26.3/11812198/n4250.exe,bad,
dl.downf468.com/n/3.0.26.3/11811219/n4911.exe,bad,
dl.downf468.com/n/3.0.26.3/11970252/skype.exe,bad,
dl.downf468.com/n/3.0.26.3/6654650/alzip.exe,bad,
dl.downf468.com/n/3.0.26.3/2836178/gambasalaegipcia.exe,bad,
dl.downf468.com/n/3.0.26.3/11809923/n5574.exe,bad,
dl.downf468.com/n/3.0.26.3/11707321/psx0026.exe,bad,
dl.downf468.com/n/3.0.26.3/11706755/d0004.exe,bad,
valouweeigenaren.nl/customers/billing/df367548-18.zip,bad,
valouweeigenaren.nl/customers/cases/acc56-81-93.zip,bad,
directxex.com/uploads/815597715.bot.exe Trojan.Agent,bad,
news4cars.com/misc/uip/adobe_flash.exe Trojan.Agent,bad,
rocksresort.com.au/image/pdf.exe Trojan.Zbot,bad,
updo.nl/file/b24d1856.exe Trojan.Injector,bad,
directxex.com/uploads/1395655996.ss.exe Win32/AutoRun.IRCBot.JD,bad,
directxex.com/uploads/144543902.rundll32.exe Trojan,bad,
directxex.com/uploads/1552287385.igfxtray.exe Win32/CoinMiner.IS,bad,
directxex.com/uploads/1576253022.miner.txt Win32/CoinMiner.IS,bad,
directxex.com/uploads/2074531303.BIN.exe Win32/Napolar.A,bad,
directxex.com/uploads/815597715.bot.exe Win32/Spy.Zbot.AAQ,bad,
directxex.com/uploads/84937512.And.exe Win32/Injector.AUJQ,bad,
directxex.com/uploads/939195944.newmine.exe MSIL/CoinMiner.AY,bad,
ttb.tbddlw.com/download/request/51a9b7865f1c1eb81f000001/CtlLI2Yz?PubID=3457_2776&ClickID=3247011638 PUP.FakeJava,bad,
yumekin.com/inde.php,bad,
yumekin.com/inde.php?comercial@cohesp.com.br,bad,
keyways.pt/~keyways/1.html,bad,
lccl.org.uk/1.html,bad,
nt-associates.com/1.html,bad,
ads.wikipartes.com/all/test.php,bad,
nestorconsulting.net/1.html,bad,
portraitphotographygroup.com/~lorijill/1.html,bad,
d1054130-28095.cp.blacknight.com/1.html,bad,
mylabsrl.com/1.html,bad,
tavuks.com/_vti_bin/1und1.php/,bad,
ozzysixsixsix.web.fc2.com/1.html,bad,
alisat.biz/1.html,bad,
109-204-26-16.netconnexion.managedbroadband.co.uk/1.html,bad,
nothingcompares.co.uk/1.html,bad,
ip-182-50-129-164.ip.secureserver.net/1.html,bad,
cluster013.ovh.net/~bgfiban/1.html,bad,
users173.lolipop.jp/~lolipop.jp-204f9d446b7f9eb/1.html,bad,
alexandria90.etcserver.com/~psychica/1.html,bad,
nortonfire.co.uk/1.html,bad,
hrdcvn.com.vn/1.html,bad,
finnhair.co.uk/1.html,bad,
advancetec.co.uk/1.html,bad,
tamilcm.com/1.html,bad,
noobgirls.com/pussy.php,bad,
noobgirls.com/pussy.exe,bad,
landisbaptist.com/1.html,bad,
3peaks.co.jp/1.html,bad,
corroshield.estb.com.sg/1.html,bad,
d1171912.cp.blacknight.com/1.html,bad,
phitenmy.com/1.html,bad,
marchen-toy.co.jp/1.html,bad,
salon77.co.uk/1.html,bad,
divine.lunarbreeze.com/~xenoa3/1.html,bad,
kadman.net/1.html,bad,
sysconcalibration.com/1.html,bad,
ip-182-50-129-181.ip.secureserver.net/~venkat/1.html,bad,
treventuresonline.com/1.html,bad,
plantes-sauvages.fr/fiche_lierre_terrestre.htm,bad,
miracema.rj.gov.br/counter.php,bad,
bedoc.fr/js/ypSlideOutMenusC.js,bad,
cordonnerie-fb.fr/,bad,
kylie-walters.com/wp-content/plugins/1und1.php,bad,
exelio.be/references,bad,
bio-air-technologies.com/photos-videos/Kenzen2/,bad,
plantes-sauvages.fr/stage_reliance.htm,bad,
rallye-de-fourmies.com/get_photo.php,bad,
gulsproductions.com/css/bank-of-america-credit-card-payment-mailing-address,bad,
gulsproductions.com/css/baixar-jogos-de-futebol-gratis-no-baixaki,bad,
gulsproductions.com/css/baixar-mozilla-firefox-portugues-brasil,bad,
gulsproductions.com/css/baixar-supernatural-6-temporada-dublado-orkoogle,bad,
gulsproductions.com/css/baixar-winrar-x64-baixaki,bad,
gulsproductions.com/css/baja-roof-racks-in-stock-perth,bad,
gulsproductions.com/css/baked-mozzarella-sticks-recipe-pinterest,bad,
gulsproductions.com/css/baked-seafood-pasta-alfredo-recipe,bad,
gulsproductions.com/css/bakers-shoes-closing-atlanta,bad,
gulsproductions.com/css/baladas-em-balneario-camboriu-hoje,bad,
gulsproductions.com/css/balaji-temple-nj-calendar-2012,bad,
gulsproductions.com/css/ballet-music-free-mp3,bad,
gulsproductions.com/css/ballistic-calculator-app-ipad,bad,
gulsproductions.com/css/balmoral-hat-green,bad,
gulsproductions.com/css/baltimore-orioles-hats-over-the-years,bad,
gulsproductions.com/css/bandon-golf-club-tee-times,bad,
gulsproductions.com/css/ejercicios-resueltos-de-suma-directa-de-subespacios-vectoriales,bad,
gulsproductions.com/css/navajo-language-translation-hello,bad,
gulsproductions.com/css/pelatihan-inti-energi-tubuh,bad,
gulsproductions.com/css/student-of-the-year-movie-review-ndtv,bad,
gulsproductions.com/css/tablatura-de-november-rain-solo-final,bad,
gulsproductions.com/index-2.php,bad,
les-ptits-dodos.com/,bad,
bien-vivre-en-sarladais.com/index.php?rub=5,bad,
village-gabarrier.com/tarifs.htm,bad,
chemgas.com/order2.html,bad,
chemgas.com/counter.php,bad,
soskin.eu/index.php?option=com_content,bad,
village-gabarrier.com/geo3.htm,bad,
marcilly-le-chatel.fr/js/jquery.ez-bg-resize.js,bad,
ecoleprincessedeliege.be/includes,bad,
urban-motorcycles.com,bad,
urban-motorcycles.com/catalog/product_info.php?osCsid=42fe9edab83f8e0f45d6f1ee3daf61fb,bad,
emailing.wildcard.fr/,bad,
ville-st-remy-sur-avre.fr/images/stories/vie_pratique/salle_location_oscar.jpg,bad,
emailing.wildcard.fr/passepasse/news_gd_public/,bad,
aucoeurdelanature.com/dossier_secrets_quantiques.htm,bad,
surfguide.fr/surf-portugal,bad,
hoteldelamer-tregastel.com/_Information.for.all/?orjkykip,bad,
paliteo.com/en/contact/,bad,
tremplin84.fr/components/BIG/2013gdocs/,bad,
sos-medecins-stmalo.fr/templates/redevo_allium_j15/images/bgred.jpg,bad,
lajourneeducommercedeproximite.fr/jncp/images/documents/mouy/adw.html,bad,
lajourneeducommercedeproximite.fr/jncp/images/documents/mouy/,bad,
soskin.eu/index.php,bad,
tecla-technologies.fr/spip.php,bad,
signready.com/counter.php,bad,
amdfrance.com/index.php,bad,
cap2zen.com/contact.html,bad,
jo-2012.fr/sportifs-hommes-jo/sportifs-escrime/,bad,
vistatech.us/gangplanks/trysted.exe,bad,
batcoroadlinescorporation.com/concedes/diggers.exe,bad,
updat120.clanteam.com,bad,
updat120.clanteam.com/ie7.htm,bad,
updat120.clanteam.com/ie8.htm,bad,
updat120.clanteam.com/calc,bad,
tvnews.or.kr/web/main.gif,bad,
tvnews.or.kr/web/view.html,bad,
tvnews.or.kr/web/menu.gif,bad,
id405441215-8305493831.h121h9.com/,bad,
dent-lux.com.pl/02-2014/bills/tr-264-365-11.zip,bad,
studiochiarelli.eu/02-2014/clients/order.3757.zip,bad,
toochattoo.com/fond-ecran-anime/chinois1.exe,bad,
somethingnice.hc0.me/Miner/Miner.txt,bad,
somethingnice.hc0.me/Miner/jhProtominer.files,bad,
somethingnice.hc0.me/Miner/GPUMiner.files,bad,
onrio.com.br/site/Pdf/,bad,
somethingnice.hc0.me/Miner/CPUMiner.files,bad,
portalfiremasters.com.br/Fatura.Pdf.rar,bad,
divshare.com/direct/25151579-efd.mexx,bad,
edf.fr.kfskz.com/facture_edf.pdf.03.exe,bad,
bracewellfamily.com/PayInfo.zip?JQrk Trojan.Zbot,bad,
smartgvcfunding.com/Invoice.zip?21VJRpXbAFI7wa Trojan.Zbot,bad,
fabioalbini.com/Order.zip?YIjoBgGhCBbs Trojan.Zbot,bad,
funchill.com/Invoice.zip,bad,
nc2199.eden5.netclusive.de/Invoice.zip,bad,
notebookservisru.161.com1.ru/PayInfo.zip,bad,
fabioalbini.com/Invoice.zip,bad,
notaverde.com/Invoice.zip,bad,
directxex.com/uploads/841642867.johny.exe,bad,
directxex.com/uploads/1769382244.HDPlayer_BETA_installer_v2.55.exe,bad,
directxex.com/uploads/606454025.Download.exe,bad,
directxex.com/uploads/214894250.pics.rar,bad,
directxex.com/uploads/1483904659.photooamirat-annaba.exe,bad,
directxex.com/uploads/1844534592.avg.exe,bad,
download-archiver.ru,bad,
downloads-finereader.ru,bad,
myvksaver.ru,bad,
winrar-soft.ru,bad,
download-archiver.ru/download.php?file=winrar,bad,
downloads-finereader.ru/download.php?file=winrar,bad,
myvksaver.ru/download.php?file=winrar,bad,
winrar-soft.ru/download.php?file=winrar,bad,
download-archiver.ru/download.php?file=winrar,bad,
resolvethem.com,bad,
vitalityxray.com,bad,
fallencrafts.info,bad,
e1r.net/download/3.exe,bad,
e1r.net/download/xwmltc.exe,bad,
e1r.net/download/pts.exe,bad,
e1r.net/download/ca.exe,bad,
e1r.net/download/beef.tgz,bad,
e1r.net/download/x86.exe,bad,
e1r.net/download/wmltc.exe,bad,
ru.theswiftones.com/,bad,
mgfd1b.petrix.net/5i9fh30/?2,bad,
mgfd1b.petrix.net/5i9fh30/counter.php?fid=2,bad,
mirandolasrl.it/inddex.html,bad,
mirandolasrl.it/index.zip,bad,
dianepiette.co.uk/inddex.html,bad,
dianepiette.co.uk/index.zip,bad,
seal-technicsag.ch/inddex.html,bad,
h1666015.stratoserver.net/inddex.html,bad,
h1666015.stratoserver.net/inddex.html,bad,
seal-technicsag.ch/inddex.html,bad,
plantaardigebrandstof.nl/inddex.html,bad,
seal-technicsag.ch/index.zip,bad,
h1666015.stratoserver.net/index.zip,bad,
h1666015.stratoserver.net/index.zip,bad,
seal-technicsag.ch/index.zip,bad,
plantaardigebrandstof.nl/index.zip,bad,
ama-alliance.com/inddex.html,bad,
faiyazahmed.com/inddex.html,bad,
boschetto-hotel.gr/inddex.html,bad,
ama-alliance.com/index.zip,bad,
faiyazahmed.com/index.zip,bad,
boschetto-hotel.gr/index.zip,bad,
nlconsulateorlandoorg.siteprotect.net/index.zip,bad,
images.topguncustomz.com/index.zip,bad,
nlconsulateorlandoorg.siteprotect.net/inddex.html,bad,
images.topguncustomz.com/inddex.html,bad,
acquisizionevideo.com/download-software-free.html/uploads/4/9/4/6/4946671/mp3mymp3install.exe,bad,
sgs.us.com/sU3P6pqaWwkJ/,bad,
anshrit.com/images/m216.exe,bad,
4dexports.com/images/wav1.exe,bad,
bracbetul.com/images/sh-pdf.exe,bad,
merrymilkfoods.com/wp-content/uploads/2014/01/wav.exe,bad,
powershopnet.net,bad,
best100catfights.com,bad,
blackfalcon5.net,bad,
dancecourt.com,bad,
femalewrestlingnow.com,bad,
fetishfitnessbabes.com,bad,
fetishlocator.com,bad,
hotfacesitting.com,bad,
jeansvixens.com,bad,
oilwrestlingeurope.com,bad,
sexyoilwrestling.com,bad,
marss.eu/,bad,
ocpersian.com,bad,
sasenergia.pt/images/highslide/highslide-with-gallery.js,bad,
optilogus.com/twmfizdfmu/lteqwxftti.html,bad,
flashsavant.com/cqavunntfg/kuldytebws.html,bad,
becomedebtfree.com.au/ttlnlmwbox/ctinpfgeob.html,bad,
unitex.home.pl/bbhdskxelc/wlqcwttani.html,bad,
becomedebtfree.com.au/zscczqbncu/nrrwalnlba.html,bad,
hobbytotaalservice.nl/dspbhbslyt/twzokdiymd.html,bad,
bnsoutlaws.co.uk/xzvltaqahm/hrbturjzuh.html,bad,
bnsoutlaws.co.uk/vhwqpjheft/nlxclwfmym.html,bad,
bnsoutlaws.co.uk/sadpwzhoww/durnmjxqyj.html,bad,
artsconsortium.org/znquvoclmr/bamgrmqmgb.html,bad,
artsconsortium.org/wkqcisrgap/ahqjkywlsx.html,bad,
artsconsortium.org/lcrplilcal/irzdmndcby.html,bad,
ambulanciaslazaro.com/nqwkgtzemx/yjfqpocron.html,bad,
luchtenbergdecor.com.br/cythsfonuj/sijnkzotme.js,bad,
ciclismovalenciano.com/wcxpcflvbj/ymkmcvpnkh.js,bad,
pix360.co.nf/lgdjojxwuo/fofrkxuhgc.html,bad,
isonomia.com.ar/mkyejphtxc/nsjkdqsmto.html,bad,
interactivearea.ru/kuxqihgvye/dbjyaszqcq.html,bad,
okeanbg.com/lwpxofmvqz/jeslvdvjrt.html,bad,
okeanbg.com/jfydaalego/mimaefuenh.html,bad,
interactivearea.ru/tjnmfqjver/tswcsbafys.html,bad,
advancesrl.eu/ryubfrytqb/dkdorvskxe.html,bad,
dimensionnail.ro/jfcwzdbvzq/ovgjelahsu.html,bad,
okeanbg.com/vcvzwsaybm/agptgouxot.html,bad,
advancesrl.eu/tjjyeqyfjz/gmiuxfhgsb.html,bad,
advancesrl.eu/ukhclcatkr/brcybmsute.html,bad,
dimensionnail.ro/qydmsiazxq/fdoyqfddox.html,bad,
dimensionnail.ro/ijaiqwgdcr/nxcubmnbyu.html,bad,
interactivearea.ru/rcaxfhtfnu/wghvxslkiv.html,bad,
dimensionnail.ro/zgzjgmytap/jnreistghg.html,bad,
okeanbg.com/rjanequlla/nyxliupxyf.html,bad,
cosmetice-farduri.ro/puhmivlnki/gvddofpfpv.html,bad,
pix360.co.nf/wisnyrdqou/ltbwattpww.html,bad,
interactivearea.ru/qbwfmjfuui/fbtvmwobxx.html,bad,
isonomia.com.ar/vwyryztlkn/nsxiquronl.html,bad,
cosmetice-farduri.ro/modidoogrt/gjdotmqgzx.html,bad,
okeanbg.com/sshbuycplb/hbkfnidlfx.html,bad,
dimensionnail.ro/aqbfyipgkh/hjyxeiamcp.html,bad,
luchtenbergdecor.com.br/gcbelfuqbk/ygjbemlcsd.js,bad,
pepelacer.computingservices123.com/7b828d9fbn1vw/1/9ffbf35e4190fbba62f70c8477fa3964.html,bad,
alsoknowsit.com/wp-files/config.bin,bad,
coalimpex.com/web/boleto2.jpg,bad,
coalimpex.com/web/boleto.jpg,bad,
coalimpex.com/web/bg-02.jpg,bad,
coalimpex.com/web/hot-venda/receita-cliente1.jpg,bad,
coalimpex.com/web/hot-venda/receita-cliente.jpg,bad,
coalimpex.com/web/hot-venda/advocacia.jpg,bad,
coalimpex.com/web/bo_03.php,bad,
coalimpex.com/web/pe/advocacia.jpg,bad,
coalimpex.com/web/bo_02.php,bad,
coalimpex.com/web/bo_01.php,bad,
coalimpex.com/web/hot-venda/hven_04.php,bad,
coalimpex.com/web/ch_01.php,bad,
coalimpex.com/web/hot-venda/hven_03.php,bad,
coalimpex.com/web/hot-venda/hven_02.php,bad,
coalimpex.com/web/hot-venda/hven_01.php,bad,
coalimpex.com/web/pe/pe_02.php,bad,
coalimpex.com/web/re_02.php,bad,
coalimpex.com/web/pe/pe_01.php,bad,
coalimpex.com/web/pe/ad_04.php,bad,
coalimpex.com/web/pe/ad_02.php,bad,
coalimpex.com/web/pe/ad_03.php,bad,
coalimpex.com/web/pe/ad_01.php,bad,
coalimpex.com/web/serasa/serasa_02.php,bad,
coalimpex.com/web/serasa/serasa_01.php,bad,
ministerio-publi.info/web/boleto2.jpg,bad,
ministerio-publi.info/web/boleto.jpg,bad,
ministerio-publi.info/web/bg-02.jpg,bad,
ministerio-publi.info/web/hot-venda/receita-cliente1.jpg,bad,
ministerio-publi.info/web/hot-venda/receita-cliente.jpg,bad,
ministerio-publi.info/web/hot-venda/advocacia.jpg,bad,
ministerio-publi.info/web/pe/advocacia.jpg,bad,
ministerio-publi.info/web/bo_03.php,bad,
ministerio-publi.info/web/bo_01.php,bad,
ministerio-publi.info/web/bo_02.php,bad,
ministerio-publi.info/web/ch_01.php,bad,
ministerio-publi.info/web/hot-venda/hven_04.php,bad,
ministerio-publi.info/web/hot-venda/hven_03.php,bad,
ministerio-publi.info/web/hot-venda/hven_02.php,bad,
ministerio-publi.info/web/hot-venda/hven_01.php,bad,
ministerio-publi.info/web/re_02.php,bad,
ministerio-publi.info/web/pe/pe_02.php,bad,
ministerio-publi.info/web/pe/ad_04.php,bad,
ministerio-publi.info/web/pe/pe_01.php,bad,
ministerio-publi.info/web/pe/ad_03.php,bad,
ministerio-publi.info/web/pe/ad_02.php,bad,
ministerio-publi.info/web/pe/ad_01.php,bad,
ministerio-publi.info/web/serasa/serasa_02.php,bad,
ministerio-publi.info/web/serasa/serasa_01.php,bad,
dentairemalin.com/images/report934875438jdfg8i45jg_07242014.exe,bad,
mathenea.com/css/report934875438jdfg8i45jg_07242014.exe,bad,
adobeflashupdate14.com/version/install_flashplayer14.0.0.145_ie.exe,bad,
jue0jc.lukodorsai.info/dpta5n0tp2,bad,
m-barati.de/contao/count.php?id=4213245,bad,
ylpzt.juzojossai.net/9aywse7eva,bad,
directxex.com/uploads/1738599339.ms1.exe?dl=11738599339.ms1.exe,bad,
directxex.com/uploads/2126787896.lol.exe,bad,
6b8a953b2bf7788063d5-6e453f33ecbb90f11a62a5c376375af3.r71.cf5.rackcdn.com/Videos%20Player.mp4.exe,bad,
cellularbeton.it/js/jquery.js,bad,
frosinonewesternshow.it/fws2006/3tappa.htm,bad,
archigate.it/,bad,
galileounaluna.com/,bad,
vivaimontina.com/,bad,
elisaart.it/,bad,
poesiadelsud.it/rende_16_05_07_saggese.htm,bad,
frosinonewesternshow.it/fws2013/calendario.htm,bad,
poesiadelsud.it/mostra_internazionale_artecont_1.htm,bad,
poesiadelsud.it/rende_16_05_07_napolillo.htm,bad,
anticarredodolomiti.com/index.html,bad,
gliamicidellunicef.it/skiantos_in_concerto.htm,bad,
frosinonewesternshow.it/fws2011,bad,
frosinonewesternshow.it/fws2011/7tappa.htm,bad,
fotoidea.com/sport/4x4_san_ponso/slides/IMG_0068.html,bad,
fotoidea.com/sport/4x4_san_ponso/slides/IMG_0138.html,bad,
fotoidea.com/sport/4x4_san_ponso/slides/IMG_9540.html,bad,
fotoidea.com/sport/4x4_san_ponso/slides/IMG_0119.html,bad,
fotoidea.com/sport/4x4_san_ponso/slides/IMG_9597.html,bad,
fotoidea.com/sport/4x4_san_ponso/slides/IMG_9551.html,bad,
fotoidea.com/sport/4x4_san_ponso/slides/IMG_9378.html,bad,
fotoidea.com/sport/4x4_san_ponso/slides/IMG_9445.html,bad,
milardi.it/corteconti.htm,bad,
milardi.it/,bad,
frosinonewesternshow.it/fws2011/,bad,
bcservice.it/,bad,
unicaitaly.it/,bad,
montacarichi.it/,bad,
assculturaleincontri.it/,bad,
ristoromontebasso.it/scripts/menu.js,bad,
3difx.com,bad,
3difx.com/serv010.html,bad,
chiaperottipaolo.it/,bad,
marinoderosas.com/,bad,
riccardochinnici.it/,bad,
eivamos.com/rimessaggio/carrelliconver.htm,bad,
catgallery.com/email.htm,bad,
vinyljazzrecords.com/japan.html,bad,
racingandclassic.com/pagineit/race.html,bad,
sbo.it/babylon.html,bad,
nmsbaseball.com/post.php?id=144840,bad,
aerreravasi.com/filmestensibile/filmestensibile.htm,bad,
aerreravasi.com/differenziata/differenziata.html,bad,
aerreravasi.com/chisiamo/chisiamo.htm,bad,
aerreravasi.com/comeraggiungerci/comeraggiungerci.htm,bad,
aerreravasi.com/bolle/bolle.html,bad,
aerreravasi.com,bad,
sankyo.gr.jp/Pagamento.zip?mscfopoysckwdh,bad,
sankyo.gr.jp/Pagamento.zip,bad,
sankyo.gr.jp/Pagamento.zip?IIFEhTaalZlzYipWok,bad,
rokus-tgy.hu/Pagamento.zip?IdjJzMrNmz,bad,
rokus-tgy.hu/Pagamento.zip,bad,
flowtec.com.br/vcard/Informazioni.zip,bad,
flowtec.com.br/vcard/Informazioni.zip,bad,
fabioalbini.com/Pay.zip,bad,
fabioalbini.com/Order.zip,bad,
fabioalbini.com/Pay.zip?2bMxG=heidi.kostic@aon.at,bad,
fabioalbini.com/Pay.zip?2bMxG=heidi.kostic,bad,
fabioalbini.com/Order.zip?YIjoBgGhCBbs,bad,
fabioalbini.com/Order.zip?snaVs8Hxk1UBauZlc5pQcGW7,bad,
emrlogistics.com/fr/to2.exe,bad,
cortesidesign.com/Avviso.zip,bad,
cortesidesign.com/Avviso.zip,bad,
caue971.org/fckeditor/file/wwwntn24comnews/ntn24newsaccidenteautomovilisticoradamelfalcaomonaco2amtodaym.zip,bad,
caue971.org/fckeditor/file/wwwntn24comnews/ntn24newsaccidenteautomovilisticoradamelfalcaomonaco2amtodaym.zip,bad,
atousoft.com/img/2.exe,bad,
arkinsoftware.in/images/aveksynkens.exe,bad,
writingassociates.com/img/lks.exe,bad,
vmay.com/wordpress/wp-content/themes/twentytwelve/foot/185.exe,bad,
troytempest.com/DHLDocument.zip,bad,
villalecchi.com/images/min/b41.exe,bad,
troytempest.com/DHLDocument.zip,bad,
smartify.org/Debito.zip?pXDqOuKMAYTwa,bad,
smartify.org/Informazioni.zip?CAZdpDwfNtUZHf,bad,
sayherbal.com/snlatxow,bad,
sasson-cpa.co.il/Progetto.zip?iWPpEOb,bad,
sasson-cpa.co.il/Progetto.zip,bad,
rainbowcolours.me.uk/z14.exe,bad,
rainbowcolours.me.uk/hp.exe,bad,
rainbowcolours.me.uk/g17.exe,bad,
optiker-michelmann.de/eoewdksna,bad,
progettocrea.org/wp-content/themes/telekom/telekom_deutschland_gmbh,bad,
ns1.the-sinner.net/modules/webstat/vodafone_service_d2,bad,
nkgamers.com/swazi/banalities.exe,bad,
neumashop.cl/bmfbnoou,bad,
nctbonline.co.uk/InvoiceCopy.scr,bad,
ms11.net/%7Ecarmine/DHL%20Document.zip,bad,
mediatrade.h19.ru/Our,bad,
mahindrainsurance.com/Informazioni/risposta_info_1103.zip,bad,
mahindrainsurance.com/Informazioni/mail_info_11032014.zip,bad,
mahindrainsurance.com/Informazioni/Conferma.zip,bad,
mahindrainsurance.com/info/Mail_Info_11032014.zip,bad,
mahindrainsurance.com/info/conferma.zip,bad,
mahindrainsurance.com/Download_Risposta/Risposta.zip,bad,
mahindrainsurance.com/Download_Risposta/Mail_Info_11032014.zip,bad,
mahindrainsurance.com/download_doc/Risposta_Info_1103.zip,bad,
mahindrainsurance.com/download_doc/risposta.zip,bad,
mahindrainsurance.com/informazioni/risposta_info_1103.zip?david.cozens+at+martindale.com_rdynpk7uwzi,bad,
mahindrainsurance.com/informazioni/risposta_info_1103.zip?david.cozens%20at%20martindale.com_rdynpk7uwzi,bad,
mahindrainsurance.com/informazioni/risposta_info_1103.zip?david.cozens,bad,
mahindrainsurance.com/informazioni/risposta_info_1103.zip?abstracts%20at%20ages.com.au_yzoxmlfe0f,bad,
mahindrainsurance.com/informazioni/mail_info_11032014.zip?selene-68b%20at%20libero.it,bad,
mahindrainsurance.com/Informazioni/Conferma.zip?aannuzzo574@libero.it,bad,
mahindrainsurance.com/info/mail_info_11032014.zip?lerchc@kliniken-koeln.de_yex86uhg,bad,
mahindrainsurance.com/info/mail_info_11032014.zip?itas00@virgilio.it_skwsq,bad,
mahindrainsurance.com/info/mail_info_11032014.zip?itas00,bad,
mahindrainsurance.com/Info/Mail_Info_11032014.zip?58311xaNf5r7s,bad,
mahindrainsurance.com/info/mail_info_11032014.zip?2472316zzqa1knqcgu,bad,
mahindrainsurance.com/Info/Mail_Info_11032014.zip?11870953rILDR,bad,
mahindrainsurance.com/Info/Mail_Info_11032014.zip?02127pOiaw5LoQ,bad,
mahindrainsurance.com/info/conferma.zip?michele.armaniniatlibero.it_uubafwuh,bad,
mahindrainsurance.com/Download_Risposta/Risposta.zip?9949971rMqgj20wKB,bad,
mahindrainsurance.com/download_risposta/mail_info_11032014.zip?90460199329lkggbup0,bad,
mahindrainsurance.com/Download_Risposta/Mail_Info_11032014.zip?15844470966vrURcZ,bad,
mahindrainsurance.com/download_doc/risposta_info_1103.zip?dbspa3@actaliscertymail.it_i8dqtqvi,bad,
mahindrainsurance.com/Download_Doc/Risposta_Info_1103.zip?dbspa3@actaliscertymail.it_I8d,bad,
mahindrainsurance.com/Download_Doc/Risposta_Info_1103.zip?cinziofarinelli@libero.it_7pzc6tde,bad,
mahindrainsurance.com/download_doc/risposta_info_1103.zip?cinziofarinelli@libero.it,bad,
mahindrainsurance.com/download_doc/risposta.zip?fernando.zellettaatalice.it_ftowwc,bad,
mahindrainsurance.com/download_doc/risposta.zip?fernando.zelletta@alice.it_ftowwc,bad,
mahindrainsurance.com/download_doc/risposta.zip?fernando.zelletta@alice.it,bad,
innatek.com/ListinoPrezzi.zip,bad,
innatek.com/ListinoPrezzi.zip?SEmfjmWrPDXEz,bad,
hobbat.fvds.ru/DHL%20Document.zip,bad,
hobbat.fvds.ru/DHL,bad,
hnskorea.co.kr/alberta/dingo.exe,bad,
grendizer.biz/statistiche/fattura05032014.zip,bad,
gulf-industrial.com/images/2103USa.qta,bad,
grendizer.biz/ordine/info.zip,bad,
grendizer.biz/ordine/fattura05032014.zip,bad,
grendizer.biz/Informazioni/statistiche.zip,bad,
grendizer.biz/Informazioni/ordine4582923332.zip,bad,
grendizer.biz/Informazioni/Fattura05032014.zip,bad,
grendizer.biz/Informazioni/Info.zip,bad,
grendizer.biz/fattura/statistiche.zip,bad,
grendizer.biz/fattura/ordine4582923332.zip,bad,
grendizer.biz/fattura/fattura05032014.zip,bad,
grendizer.biz/statistiche/fattura05032014.zip?qgbaprb3jqghxxof,bad,
grendizer.biz/ordine/info.zip?phmtllqsewlgejrea3r_emanuele.monfriniatfastwebnet.it,bad,
grendizer.biz/ordine/info.zip?phmtllqsewlgejrea3r_emanuele.monfrini+at+fastwebnet.it,bad,
grendizer.biz/ordine/info.zip?phmtllqsewlgejrea3r_emanuele.monfrini%20at%20fastwebnet.it,bad,
grendizer.biz/ordine/info.zip?phmtllqsewlgejre=,bad,
grendizer.biz/ordine/fattura05032014.zip?xx0frhnydqgzvzfzugbs5xm,bad,
grendizer.biz/ordine/fattura05032014.zip?uiukcav35d,bad,
grendizer.biz/informazioni/statistiche.zip?vfw=,bad,
grendizer.biz/informazioni/statistiche.zip?vfww8lyfaiccpr_elke.staiger+at+fdp.landtag-bw.de,bad,
grendizer.biz/informazioni/ordine4582923332.zip?boweipzoa374cr_info@bikesplaza.nl,bad,
grendizer.biz/Informazioni/Info.zip?17kDYCBNi6t,bad,
grendizer.biz/Informazioni/Fattura05032014.zip?zav6BNgeGvW89WPVOQlRX,bad,
grendizer.biz/fattura/statistiche.zip?l7ucqay9bgq6i6sk,bad,
grendizer.biz/fattura/ordine4582923332.zip?vybhzpsoxzapz0xdt,bad,
grendizer.biz/fattura/fattura05032014.zip?jwui91zljfn,bad,
grendizer.biz/fattura/fattura05032014.zip?dzmooxysgf3yt6ju2ehhm,bad,
grendizer.biz/fattura/fattura05032014.zip?9hq3vacty6ggvex,bad,
go-quicky.com/admin_old_dev/css/1504USd.exe,bad,
dougmlee.com/DHL,bad,
directxex.com/uploads/919691940.p-update.exe,bad,
dougmlee.com/DHL%20Document.zip,bad,
directxex.com/uploads/610411940.save.exe,bad,
directxex.com/uploads/535825339.androm.exe,bad,
directxex.com/uploads/2139980916.S4_Crack.exe,bad,
directxex.com/uploads/42238721.Amazon,bad,
directxex.com/uploads/2050276296.scan0001.exe,bad,
directxex.com/uploads/1627320498.runerr.exe,bad,
directxex.com/uploads/164923136.cpu.exe,bad,
directxex.com/uploads/1257844607.encrcyper.exe,bad,
directxex.com/uploads/1149332910.Host2_crypter_05.exe,bad,
destre45.com/p/svhost.exe,bad,
directxex.com/uploads/100312839.CryptocurrencyTradingBotV1.4.exe,bad,
destre45.com/p/f.exe,bad,
demo.vertexinfo.in/conclusione/dettagli.zip,bad,
demo.vertexinfo.in/conclusione/dettagli.zip?formazione@feldenkrais.it,bad,
demo.vertexinfo.in/conclusione/dettagli.zip?formazione%20at%20feldenkrais.it,bad,
decrolyschool.be/backup/1_1_777.exe,bad,
decografix.com/wp-content/uploads/2014/03/b41.exe,bad,
csmail.iggcn.com/temp/service_mail/attachments/2014/03/11/2014031105343091111.zip,bad,
cope.it/templates/webstat/finanzgruppe_volksbanken_ne/index,bad,
csmail.iggcn.com/temp/service_mail/attachments/2014/03/11/2014031105343091111.zip,bad,
classicspeedway.com/ff.exe,bad,
centralwestwater.com.au/Estratto/Dati.zip,bad,
centralwestwater.com.au/Dettagli_Fatture.zip,bad,
centralwestwater.com.au/Conto.zip,bad,
centralwestwater.com.au/Estratto/Dati.zip,bad,
centralwestwater.com.au/Dettagli_Fatture.zip?aladinodepaulis@uniadriatica.it,bad,
centralwestwater.com.au/Conto.zip?gZ5lXOdeRY7y,bad,
americancareconcept.com/modules/webstat/rechnungonline_telekom_rt/2014_05_rechnungonline_8290155236sign.zip,bad,
americancareconcept.com/modules/webstat/rechnungonline_telekom_rt/2014_05_rechnungonline_8290155236sign.zip,bad,
amazingvacationhotels.com/wp-content/themes/HotelWeb2/connect/mac.exe,bad,
iwgtest.co.uk/homezinctech/wp-admin/main/adobe_flash.exe,bad,
kadirzerey.com/wp-content/themes/genegri/file.ecr,bad,
mrpeter.it/111,bad,
murbil.hostei.com/wp-content/themes/Mizzo/file.ecr,bad,
rentfromart.com/media/system/images/Java.exe,bad,
tcrwharen.homepage.t-online.de/11,bad,
uploads.tmweb.ru/sFAAd3uEW9.exe,bad,
strangeduckfilms.com/222,bad,
citymediamagazin.hu/spacey/egress,bad,
freemao.com/pics/file.ecr,bad,
citymediamagazin.hu/poniards/figurine,bad,
allforlove.de/11,bad,
adlock.in/download/371815/file.exe,bad,
akirkpatrick.com/11,bad,
alexanderinteriorsanddesign.com/errant/topics,bad,
arkinsoftware.in/images/nukotobne.exe,bad,
arkinsoftware.in/images/inexsabit.exe,bad,
arkinsoftware.in/images/aveksynkens.exe,bad,
beespace.com.ua/hook/hookkey.exe,bad,
classicallyabsurdphotography.com/bunked/tinning,bad,
mrpeter.it/111,bad,
sadiqtv.com/111,bad,
rallyeair.com/111,bad,
nbook.far.ru/111,bad,
pgalvaoteles.pt/111,bad,
lefos.net/111,bad,
gogetgorgeous.com/111,bad,
decota.es/111,bad,
beautysafari.com/111,bad,
caclclo.web.fc2.com/111,bad,
axisbuild.com/111,bad,
atelierprincesse.web.fc2.com/111,bad,
systemscheckusa.com/,bad,
email-login-support.com/index-10.html,bad,
97b1c56132dfcdd90f93-0c5c8388c0a5897e648f883e2c86dc72.r54.cf5.rackcdn.com/,bad,
immediateresponseforcomputer.com/index112.htm,bad,
consumeralternatives.org/anti-virus-check.html,bad,
bilder-upload.eu/thumb/02b7bd-1408995631.jpg,bad,
bilder-upload.eu/thumb/41130a-1408995611.jpg,bad,
bilder-upload.eu/thumb/4a22a9-1409043861.jpg,bad,
bilder-upload.eu/thumb/89ec97-1409044114.jpg,bad,
bilder-upload.eu/thumb/d32b6a-1409046467.jpg,bad,
bilder-upload.eu/thumb/e18af5-1409043207.jpg,bad,
bilder-upload.eu/thumb/f8abcf-1409116740.jpg,bad,
loft2126.dedicatedpanel.com/cra/s.exe,bad,
loft2126.dedicatedpanel.com/vvv.exe,bad,
chaveiro.bio.br/tmp/AcbtReader.exe,bad,
campamento.queenscamp.com/yuppie/staying,bad,
ftp.flyfishusa.com/lords/vanishings,bad,
optimization-methods.com/Bilder/calc.exe,bad,
paraskov.com/err.exe,bad,
tatschke.net/hbc.exe,bad,
wt10.haote.com/jywgxrjzd.exe,bad,
fiduciariobajio.com.mx/plugins/content/hltv.exe,bad,
cmicapui.ce.gov.br/components/com_phocadownload/helpers/modu.exe,bad,
harshwhispers.com/img/dunptty.gif,bad,
harshwhispers.com/img/wxynts.gif,bad,
prorodeosportmed.com/templates/atomic/html/mod_custom/default.xx,bad,
xicaxique.com.br/catalog/view/theme/default/image/image102.jpg,bad,
iybasketball.info/wp-content/themes/twentytwelve/lo.exe,bad,
loft2126.dedicatedpanel.com/pnn/1.txt,bad,
loft2126.dedicatedpanel.com/pnn/12.exe,bad,
loft2126.dedicatedpanel.com/pnn/20.exe,bad,
hexadl.line55.net/FLV_Media_Player.exe,bad,
hexadl.line55.net/FLV-HD.exe,bad,
fbku.com/yeni/Porno-HD.exe,bad,
getdatanetukscan.info/sp32_64_10044639319006172375.exe,bad,
getdatanetukscan.info/sp32_64_3491943367355003623.exe,bad,
d32k27yvyi4kmv.cloudfront.net/installer/Installer.exe,bad,
extreembilisim.com/themes/blue/Cure.exe,bad,
extreembilisim.com/themes/blue/panelServerCrypted.exe,bad,
nailbytes1.com/test/86lkL2Xpxa.exe,bad,
hoerbird.net/galerie/w4f3f4.exe,bad,
josip-stadler.org/11,bad,
loft2126.dedicatedpanel.com/b.exe,bad,
chsplantsales.co.uk/werwre56,bad,
cudacorp.com/shqgowox,bad,
jdfabrication.com/ihfipiex,bad,
mueller-holz-bau.com/v28nyn27,bad,
perfectionautorepairs.com/jkcokunrh,bad,
pharmadeal.gr/nfqnaanl,bad,
testtralala.xorg.pl/s6i8yn,bad,
super8service.de/zf0yx,bad,
whitehorsetechnologies.net/images/clients/x/mail.php,bad,
fgtkmcby02.eu:9633/file/help.php?state=36,bad,
rubiks.ca/js/jquery-1.14.94.js,bad,
mysmallcock.com/taxadmin/get_doc.html,bad,
monarchslo.com/taxadmin/get_doc.html,bad,
leagleconsulting.com/taxadmin/get_doc.html,bad,
myshopmarketim.com/taxadmin/get_doc.html,bad,
mindstormstudio.ro/taxadmin/get_doc.html,bad,
semiyun.com/taxadmin/get_doc.html,bad,
maxisoft.co.uk/taxadmin/get_doc.html,bad,
sdg-translations.com/taxadmin/get_doc.html,bad,
omrdatacapture.com/taxadmin/get_doc.html,bad,
lydwood.co.uk/taxadmin/get_doc.html,bad,
d4.cumshots.ws:25707/history/t/movies.php?timeline=21,bad,
ad-beast.com/ads.js,bad,
njtgsd.attackthethrone.com/public-justice/64XPKZldWDM_/R4efelSvf_/I1OdCoSKw2r1epqivQsiUvi9Pb1pHroRToqggbsG5oYAuB_/fSiunpQPK/_/lE3aXgQ~~/MTQ2N2I5OThlNWVjOWFmMWQ2OTE0ZjBh/governing-institution.mhtml,bad,
static.retirementcommunitiesfyi.com/k?tstmp=34723984,bad,
vipcpms.com/watch?key=e722a8eea048590dd97760d8b657327b&scrWidth=1680&scrHeight=1050&tz=0,bad,
app.pho8.com/click.php?c=246&key=l8s861364oq1y6w08t9kjkq1&pl_id=1286,bad,
app.pho8.com/lp/sd/en/lp4/index.php?c=300&l=524&subid=21841780391,bad,
app.pho8.com/lp/sd/en/lp4/files/bootstrap.css,bad,
app.pho8.com/lp/sd/en/lp4/files/bootstrap-responsive.css,bad,
app.pho8.com/go.php?c=255&l=387&subid=21843049645,bad,
app.pho8.com/jump/?jl=66968484,bad,
app.pho8.com/go.php?c=246&l=509&subid=21388413584?,bad,
officialrdr.com/b012dd3a-0871-4fc2-a5d8-8f6e6e30c334,bad,
scanmyphones.com/fatalvirus/mx/101/index.php?countryname=United%20Kingdom&brand=&model=&isp=PlusNet%20Technologies%20Ltd&voluumdata=vid..00000008-5d87-4a50-8000-000000000000__vpid..15af7000-bf52-11e4-8afe-28ca782357aa__caid..b012dd3a-0871-4fc2-a5d8-8f6e6e30c334__lid..281f1d6a-3f5c-4aef-b00d-8178c6d9f00f__rt..D__oid1..14fdf5b9-f153-4ad7-9aec-c61b2432d31e,bad,
mobile.bitterstrawberry.org/?id=1319,bad,
dimarsbg.com/images/portfolio/vtutmcireturxeitritxirete/rcturtncuyretycrutycreu.exe,bad,
dimarsbg.com/images/prettyPhoto/light_rounded/jicmtritucirutmucr.exe,bad,
dimarsbg.com/images/social_media/vuiutcimrieiurxiexerexrexrerex/vrituiruixtuieruxtireuit.exe,bad,
hujii.qplanner.cf:8181/2006/movies/html/christmas.php?online=160755&paper=124&what=109448&promos=206723&exchange=309188&edit=135400&common=216956,bad,
b.nevadaprivateoffice.com:8085/phpmyadm/modelsearch/help/after.php?before=3,bad,
theweatherspace.com,bad,
securitywebservices.com/aEubV1l8Cu.js,bad,
securitywebservices.com/an4XpPvL6p.js,bad,
securitywebservices.com/bQR3XpCbGj.js,bad,
securitywebservices.com/hD08940x9A.js,bad,
securitywebservices.com/HNXZAxrMNC.js,bad,
securitywebservices.com/JPPj4HhWXH.js,bad,
securitywebservices.com/nuLwjhUDt4.js,bad,
securitywebservices.com/pbMes3AKl2.js,bad,
securitywebservices.com/s4haYynZvs.js,bad,
securitywebservices.com/WQLzrpnA7D.js,bad,
securitywebservices.com/WrQBcRn4E3.js,bad,
thewinesteward.com/css/Document1704.exe,bad,
eternitymobiles.com/25/144.exe,bad,
e-matelco.com/25/144.exe,bad,
TRIANGLESERVICESLTD.COM/25/144.exe,bad,
hobby-hangar.net/25/144.exe,bad,
creditbootcamp.com/25/144.exe,bad,
hana-naveh.com/25/144.exe,bad,
gurde.tourstogo.us/leefoohopt/ezussoadyz/utufegheer/files/GO49776M.vbs,bad,
web-sensations.com/js/jquery-1.40.15.js,bad,
jstaikos.com/51i70l/chbpy.html,bad,
agsteier.com/HSBC_BANK_STORAGE-DATA/new-payment.html,bad,
